PRAGMA foreign_keys=OFF;
BEGIN TRANSACTION;
CREATE TABLE profile (id INTEGER PRIMARY KEY AUTOINCREMENT, name TEXT, status BOOLEAN);
INSERT INTO "profile" VALUES(1,'CONSTANT',0);
INSERT INTO "profile" VALUES(2,'DAYNIGHT',1);
INSERT INTO "profile" VALUES(3,'WEEKLY',0);
CREATE TABLE schedule (id INTEGER PRIMARY KEY AUTOINCREMENT, profile_id INTEGER REFERENCES profile (id) ON DELETE CASCADE ON UPDATE CASCADE, daynum STRING (0));
INSERT INTO "schedule" VALUES(1,1,'*');
INSERT INTO "schedule" VALUES(2,2,'*');
INSERT INTO "schedule" VALUES(3,2,'*');
INSERT INTO "schedule" VALUES(4,3,6);
INSERT INTO "schedule" VALUES(5,3,5);
INSERT INTO "schedule" VALUES(7,3,3);
INSERT INTO "schedule" VALUES(9,3,1);
INSERT INTO "schedule" VALUES(10,3,0);
CREATE TABLE sensors (id integer PRIMARY KEY AUTOINCREMENT, type text NOT NULL, name text NOT NULL, location text NOT NULL);
INSERT INTO "sensors" VALUES(1,'TEMPERATURE','DS18B20','LivingRoom');
INSERT INTO "sensors" VALUES(2,'TEMPERATURE','DS1820','Room');
CREATE TABLE sensor_data (id integer PRIMARY KEY AUTOINCREMENT, timestamp datetime DEFAULT CURRENT_TIMESTAMP, sensor_id integer NOT NULL REFERENCES sensors (id) ON DELETE CASCADE ON UPDATE CASCADE, value real);
INSERT INTO "sensor_data" VALUES(1,1435659881964,1,26.5);
INSERT INTO "sensor_data" VALUES(2,1435659941903,1,26.5);
INSERT INTO "sensor_data" VALUES(3,1435660001968,1,26.5);
INSERT INTO "sensor_data" VALUES(4,1435660061998,1,26.6);
INSERT INTO "sensor_data" VALUES(5,1435660122058,1,26.5);
INSERT INTO "sensor_data" VALUES(6,1435660182124,1,26.5);
INSERT INTO "sensor_data" VALUES(7,1435682535354,1,26.3);
INSERT INTO "sensor_data" VALUES(8,1435682595334,1,26.3);
INSERT INTO "sensor_data" VALUES(9,1435682655350,1,26.3);
INSERT INTO "sensor_data" VALUES(10,1435682715399,1,26.3);
INSERT INTO "sensor_data" VALUES(11,1435682775429,1,26.3);
INSERT INTO "sensor_data" VALUES(12,1435682835489,1,26.3);
INSERT INTO "sensor_data" VALUES(13,1435682895549,1,26.3);
INSERT INTO "sensor_data" VALUES(14,1435682955599,1,26.3);
INSERT INTO "sensor_data" VALUES(15,1435683015601,1,26.3);
INSERT INTO "sensor_data" VALUES(16,1435683075659,1,26.3);
INSERT INTO "sensor_data" VALUES(17,1435683135689,1,26.4);
INSERT INTO "sensor_data" VALUES(18,1435683195749,1,26.4);
INSERT INTO "sensor_data" VALUES(19,1435683255759,1,26.3);
INSERT INTO "sensor_data" VALUES(20,1435683315789,1,26.3);
INSERT INTO "sensor_data" VALUES(21,1435683375840,1,26.3);
INSERT INTO "sensor_data" VALUES(22,1435683435889,1,26.3);
INSERT INTO "sensor_data" VALUES(23,1435683495949,1,26.3);
INSERT INTO "sensor_data" VALUES(24,1435683556000,1,26.3);
INSERT INTO "sensor_data" VALUES(25,1435683616029,1,26.3);
INSERT INTO "sensor_data" VALUES(26,1435683676039,1,26.3);
INSERT INTO "sensor_data" VALUES(27,1435683736089,1,26.3);
INSERT INTO "sensor_data" VALUES(28,1435683796149,1,26.3);
INSERT INTO "sensor_data" VALUES(29,1435683856169,1,26.3);
INSERT INTO "sensor_data" VALUES(30,1435683916229,1,26.3);
INSERT INTO "sensor_data" VALUES(31,1435683976249,1,26.3);
INSERT INTO "sensor_data" VALUES(32,1435684036299,1,26.3);
INSERT INTO "sensor_data" VALUES(33,1435684096359,1,26.3);
INSERT INTO "sensor_data" VALUES(34,1435684156419,1,26.3);
INSERT INTO "sensor_data" VALUES(35,1435684216459,1,26.3);
INSERT INTO "sensor_data" VALUES(36,1435684276499,1,26.3);
INSERT INTO "sensor_data" VALUES(37,1435684336559,1,26.3);
INSERT INTO "sensor_data" VALUES(38,1435684396579,1,26.3);
INSERT INTO "sensor_data" VALUES(39,1435684456599,1,26.3);
INSERT INTO "sensor_data" VALUES(40,1435684516609,1,26.3);
INSERT INTO "sensor_data" VALUES(41,1435684576629,1,26.3);
INSERT INTO "sensor_data" VALUES(42,1435684636689,1,26.2);
INSERT INTO "sensor_data" VALUES(43,1435684696710,1,26.2);
INSERT INTO "sensor_data" VALUES(44,1435684756749,1,26.2);
INSERT INTO "sensor_data" VALUES(45,1435684816809,1,26.2);
INSERT INTO "sensor_data" VALUES(46,1435684876830,1,26.2);
INSERT INTO "sensor_data" VALUES(47,1435684936889,1,26.3);
INSERT INTO "sensor_data" VALUES(48,1435684996909,1,26.3);
INSERT INTO "sensor_data" VALUES(49,1435685056969,1,26.2);
INSERT INTO "sensor_data" VALUES(50,1435685116979,1,26.2);
INSERT INTO "sensor_data" VALUES(51,1435685176999,1,26.2);
INSERT INTO "sensor_data" VALUES(52,1435685237009,1,26.2);
INSERT INTO "sensor_data" VALUES(53,1435685297019,1,26.1);
INSERT INTO "sensor_data" VALUES(54,1435685357049,1,26.1);
INSERT INTO "sensor_data" VALUES(55,1435685417099,1,26.1);
INSERT INTO "sensor_data" VALUES(56,1435685477119,1,26.2);
INSERT INTO "sensor_data" VALUES(57,1435685537179,1,26.1);
INSERT INTO "sensor_data" VALUES(58,1435685597209,1,26.1);
INSERT INTO "sensor_data" VALUES(59,1435685657249,1,26.1);
INSERT INTO "sensor_data" VALUES(60,1435685717309,1,26.1);
INSERT INTO "sensor_data" VALUES(61,1435685777329,1,26.1);
INSERT INTO "sensor_data" VALUES(62,1435685837389,1,26.1);
INSERT INTO "sensor_data" VALUES(63,1435685897450,1,26.1);
INSERT INTO "sensor_data" VALUES(64,1435685957509,1,26.1);
INSERT INTO "sensor_data" VALUES(65,1435686017529,1,26.1);
INSERT INTO "sensor_data" VALUES(66,1435686077589,1,26.1);
INSERT INTO "sensor_data" VALUES(67,1435686137649,1,26.1);
INSERT INTO "sensor_data" VALUES(68,1435686197710,1,26.1);
INSERT INTO "sensor_data" VALUES(69,1435686257749,1,26.1);
INSERT INTO "sensor_data" VALUES(70,1435686317810,1,26.1);
INSERT INTO "sensor_data" VALUES(71,1435686377869,1,25.9);
INSERT INTO "sensor_data" VALUES(72,1435686437930,1,26.0);
INSERT INTO "sensor_data" VALUES(73,1435686497989,1,26.0);
INSERT INTO "sensor_data" VALUES(74,1435686558000,1,26.0);
INSERT INTO "sensor_data" VALUES(75,1435686618059,1,25.9);
INSERT INTO "sensor_data" VALUES(76,1435686678119,1,26.0);
INSERT INTO "sensor_data" VALUES(77,1435686738179,1,25.9);
INSERT INTO "sensor_data" VALUES(78,1435686798239,1,25.9);
INSERT INTO "sensor_data" VALUES(79,1435686858249,1,26.0);
INSERT INTO "sensor_data" VALUES(80,1435686918309,1,26.1);
INSERT INTO "sensor_data" VALUES(81,1435686978369,1,26.1);
INSERT INTO "sensor_data" VALUES(82,1435687038399,1,26.2);
INSERT INTO "sensor_data" VALUES(83,1435687098459,1,26.2);
INSERT INTO "sensor_data" VALUES(84,1435687158499,1,26.2);
INSERT INTO "sensor_data" VALUES(85,1435687218549,1,26.2);
INSERT INTO "sensor_data" VALUES(86,1435687278609,1,26.2);
INSERT INTO "sensor_data" VALUES(87,1435687338670,1,26.1);
INSERT INTO "sensor_data" VALUES(88,1435687398729,1,26.1);
INSERT INTO "sensor_data" VALUES(89,1435774724873,1,29.3);
INSERT INTO "sensor_data" VALUES(90,1435774784801,1,29.2);
INSERT INTO "sensor_data" VALUES(91,1435774844808,1,29.2);
INSERT INTO "sensor_data" VALUES(92,1435774904848,1,29.2);
INSERT INTO "sensor_data" VALUES(93,1435774964878,1,29.1);
INSERT INTO "sensor_data" VALUES(94,1435775024940,1,29.0);
INSERT INTO "sensor_data" VALUES(95,1435775084988,1,29.2);
INSERT INTO "sensor_data" VALUES(96,1435775144998,1,29.1);
INSERT INTO "sensor_data" VALUES(97,1435775205018,1,29.1);
INSERT INTO "sensor_data" VALUES(98,1435775265078,1,29.0);
INSERT INTO "sensor_data" VALUES(99,1435775281533,1,29.0);
INSERT INTO "sensor_data" VALUES(100,1435775341472,1,29.2);
INSERT INTO "sensor_data" VALUES(101,1435775401518,1,29.2);
INSERT INTO "sensor_data" VALUES(102,1435775461558,1,29.2);
INSERT INTO "sensor_data" VALUES(103,1435775521598,1,29.3);
INSERT INTO "sensor_data" VALUES(104,1435775581648,1,29.3);
INSERT INTO "sensor_data" VALUES(105,1435775641698,1,29.2);
INSERT INTO "sensor_data" VALUES(106,1435775701758,1,29.2);
INSERT INTO "sensor_data" VALUES(107,1435775761818,1,29.3);
INSERT INTO "sensor_data" VALUES(108,1435775821868,1,29.2);
INSERT INTO "sensor_data" VALUES(109,1435775881929,1,29.2);
INSERT INTO "sensor_data" VALUES(110,1435775941958,1,29.2);
INSERT INTO "sensor_data" VALUES(111,1435776002018,1,29.3);
INSERT INTO "sensor_data" VALUES(112,1435776062048,1,29.2);
INSERT INTO "sensor_data" VALUES(113,1435776122108,1,29.2);
INSERT INTO "sensor_data" VALUES(114,1435776182098,1,29.2);
INSERT INTO "sensor_data" VALUES(115,1435776242158,1,29.1);
INSERT INTO "sensor_data" VALUES(116,1435776302218,1,29.1);
INSERT INTO "sensor_data" VALUES(117,1435776362278,1,29.1);
INSERT INTO "sensor_data" VALUES(118,1435776422308,1,29.1);
INSERT INTO "sensor_data" VALUES(119,1435776482369,1,29.1);
INSERT INTO "sensor_data" VALUES(120,1435776542418,1,29.1);
INSERT INTO "sensor_data" VALUES(121,1435776602478,1,29.1);
INSERT INTO "sensor_data" VALUES(122,1435776662488,1,29.1);
INSERT INTO "sensor_data" VALUES(123,1435776722548,1,29.1);
INSERT INTO "sensor_data" VALUES(124,1435776782598,1,29.1);
INSERT INTO "sensor_data" VALUES(125,1435776842658,1,29.0);
INSERT INTO "sensor_data" VALUES(126,1435776902699,1,29.1);
INSERT INTO "sensor_data" VALUES(127,1435776962708,1,29.0);
INSERT INTO "sensor_data" VALUES(128,1435777022768,1,29.0);
INSERT INTO "sensor_data" VALUES(129,1435777083618,1,29.0);
INSERT INTO "sensor_data" VALUES(130,1435777142858,1,28.9);
INSERT INTO "sensor_data" VALUES(131,1435777202918,1,28.9);
INSERT INTO "sensor_data" VALUES(132,1435777262978,1,28.9);
INSERT INTO "sensor_data" VALUES(133,1435777323038,1,28.9);
INSERT INTO "sensor_data" VALUES(134,1435777383099,1,28.9);
INSERT INTO "sensor_data" VALUES(135,1435777443138,1,28.9);
INSERT INTO "sensor_data" VALUES(136,1435777503188,1,28.9);
INSERT INTO "sensor_data" VALUES(137,1435777563248,1,28.8);
INSERT INTO "sensor_data" VALUES(138,1435777623308,1,28.8);
INSERT INTO "sensor_data" VALUES(139,1435777683368,1,28.7);
INSERT INTO "sensor_data" VALUES(140,1435777743428,1,28.7);
INSERT INTO "sensor_data" VALUES(141,1435777803479,1,28.7);
INSERT INTO "sensor_data" VALUES(142,1435777863538,1,28.6);
INSERT INTO "sensor_data" VALUES(143,1435777920483,1,28.7);
INSERT INTO "sensor_data" VALUES(144,1435777980424,1,28.6);
INSERT INTO "sensor_data" VALUES(145,1435778040488,1,28.7);
INSERT INTO "sensor_data" VALUES(146,1435778101348,1,28.8);
INSERT INTO "sensor_data" VALUES(147,1435778160578,1,28.8);
INSERT INTO "sensor_data" VALUES(148,1435778220598,1,28.8);
INSERT INTO "sensor_data" VALUES(149,1435778280598,1,28.8);
INSERT INTO "sensor_data" VALUES(150,1435778437756,1,28.7);
INSERT INTO "sensor_data" VALUES(151,1435778680076,1,28.8);
INSERT INTO "sensor_data" VALUES(152,1435778715663,1,28.8);
INSERT INTO "sensor_data" VALUES(153,1435778776388,1,28.8);
INSERT INTO "sensor_data" VALUES(154,1435778835578,1,28.8);
INSERT INTO "sensor_data" VALUES(155,1435778895578,1,28.9);
INSERT INTO "sensor_data" VALUES(156,1435778955578,1,28.9);
INSERT INTO "sensor_data" VALUES(157,1435779003593,1,28.9);
INSERT INTO "sensor_data" VALUES(158,1435779104384,1,28.8);
INSERT INTO "sensor_data" VALUES(159,1435779164268,1,28.9);
INSERT INTO "sensor_data" VALUES(160,1435779224268,1,28.8);
INSERT INTO "sensor_data" VALUES(161,1435779275665,1,28.8);
INSERT INTO "sensor_data" VALUES(162,1435779326892,1,28.8);
INSERT INTO "sensor_data" VALUES(163,1435779396630,1,28.8);
INSERT INTO "sensor_data" VALUES(164,1435779462123,1,28.8);
INSERT INTO "sensor_data" VALUES(165,1435779522888,1,28.9);
INSERT INTO "sensor_data" VALUES(166,1435779584824,1,28.8);
INSERT INTO "sensor_data" VALUES(167,1435779644178,1,28.8);
INSERT INTO "sensor_data" VALUES(168,1435779704188,1,28.8);
INSERT INTO "sensor_data" VALUES(169,1435779764188,1,28.9);
INSERT INTO "sensor_data" VALUES(170,1435779796320,1,28.81);
INSERT INTO "sensor_data" VALUES(171,1435779856158,1,28.75);
INSERT INTO "sensor_data" VALUES(172,1435779890796,1,28.75);
INSERT INTO "sensor_data" VALUES(173,1435779949859,1,28.75);
INSERT INTO "sensor_data" VALUES(174,1435780009879,1,28.69);
INSERT INTO "sensor_data" VALUES(175,1435780064546,1,28.69);
INSERT INTO "sensor_data" VALUES(176,1435780124128,1,28.69);
INSERT INTO "sensor_data" VALUES(177,1435780184148,1,28.88);
INSERT INTO "sensor_data" VALUES(178,1435780244148,1,28.88);
INSERT INTO "sensor_data" VALUES(179,1435780304168,1,28.81);
INSERT INTO "sensor_data" VALUES(180,1435780364188,1,28.94);
INSERT INTO "sensor_data" VALUES(181,1435780424198,1,29.0);
INSERT INTO "sensor_data" VALUES(182,1435780484198,1,28.94);
INSERT INTO "sensor_data" VALUES(183,1435780527013,1,28.94);
INSERT INTO "sensor_data" VALUES(184,1435780586958,1,29.0);
INSERT INTO "sensor_data" VALUES(185,1435780613169,1,28.9);
INSERT INTO "sensor_data" VALUES(186,1435780673008,1,29.1);
INSERT INTO "sensor_data" VALUES(187,1435780733008,1,29.1);
INSERT INTO "sensor_data" VALUES(188,1435780793008,1,29.1);
INSERT INTO "sensor_data" VALUES(189,1435780853019,1,29.1);
INSERT INTO "sensor_data" VALUES(190,1435780913018,1,29.1);
INSERT INTO "sensor_data" VALUES(191,1435780973019,1,29.1);
INSERT INTO "sensor_data" VALUES(192,1435781033018,1,29.1);
INSERT INTO "sensor_data" VALUES(193,1435781093018,1,29.1);
INSERT INTO "sensor_data" VALUES(194,1435781153028,1,29.0);
INSERT INTO "sensor_data" VALUES(195,1435781214668,1,29.1);
INSERT INTO "sensor_data" VALUES(196,1435781273028,1,29.1);
INSERT INTO "sensor_data" VALUES(197,1435781333028,1,29.0);
INSERT INTO "sensor_data" VALUES(198,1435781393029,1,29.0);
INSERT INTO "sensor_data" VALUES(199,1435781453038,1,28.9);
INSERT INTO "sensor_data" VALUES(200,1435781513038,1,29.0);
INSERT INTO "sensor_data" VALUES(201,1435781573038,1,29.0);
INSERT INTO "sensor_data" VALUES(202,1435781633038,1,28.9);
INSERT INTO "sensor_data" VALUES(203,1435781693038,1,29.0);
INSERT INTO "sensor_data" VALUES(204,1435781753048,1,28.9);
INSERT INTO "sensor_data" VALUES(205,1435781813048,1,28.9);
INSERT INTO "sensor_data" VALUES(206,1435781873048,1,28.9);
INSERT INTO "sensor_data" VALUES(207,1435781933058,1,28.9);
INSERT INTO "sensor_data" VALUES(208,1435781993048,1,29.0);
INSERT INTO "sensor_data" VALUES(209,1435782053058,1,29.0);
INSERT INTO "sensor_data" VALUES(210,1435782113058,1,29.0);
INSERT INTO "sensor_data" VALUES(211,1435782173058,1,29.0);
INSERT INTO "sensor_data" VALUES(212,1435782233068,1,29.0);
INSERT INTO "sensor_data" VALUES(213,1435782293078,1,28.9);
INSERT INTO "sensor_data" VALUES(214,1435782353108,1,29.0);
INSERT INTO "sensor_data" VALUES(215,1435782413178,1,29.0);
INSERT INTO "sensor_data" VALUES(216,1435782473249,1,28.9);
INSERT INTO "sensor_data" VALUES(217,1435782533308,1,28.9);
INSERT INTO "sensor_data" VALUES(218,1435782593378,1,28.9);
INSERT INTO "sensor_data" VALUES(219,1435782653448,1,28.9);
INSERT INTO "sensor_data" VALUES(220,1435782713508,1,28.8);
INSERT INTO "sensor_data" VALUES(221,1435782773079,1,28.7);
INSERT INTO "sensor_data" VALUES(222,1435782833078,1,28.7);
INSERT INTO "sensor_data" VALUES(223,1435782893078,1,28.6);
INSERT INTO "sensor_data" VALUES(224,1435782953078,1,28.6);
INSERT INTO "sensor_data" VALUES(225,1435783013098,1,28.7);
INSERT INTO "sensor_data" VALUES(226,1435783073148,1,28.6);
INSERT INTO "sensor_data" VALUES(227,1435783134008,1,28.6);
INSERT INTO "sensor_data" VALUES(228,1435783193089,1,28.6);
INSERT INTO "sensor_data" VALUES(229,1435783253089,1,28.6);
INSERT INTO "sensor_data" VALUES(230,1435783313089,1,28.6);
INSERT INTO "sensor_data" VALUES(231,1435783373089,1,28.6);
INSERT INTO "sensor_data" VALUES(232,1435783433100,1,28.7);
INSERT INTO "sensor_data" VALUES(233,1435783493100,1,28.6);
INSERT INTO "sensor_data" VALUES(234,1435783553099,1,28.6);
INSERT INTO "sensor_data" VALUES(235,1435784783333,1,28.2);
INSERT INTO "sensor_data" VALUES(236,1435784843248,1,28.3);
INSERT INTO "sensor_data" VALUES(237,1435784903248,1,28.3);
INSERT INTO "sensor_data" VALUES(238,1435784963248,1,28.3);
INSERT INTO "sensor_data" VALUES(239,1435785023259,1,28.2);
INSERT INTO "sensor_data" VALUES(240,1435785083258,1,28.3);
INSERT INTO "sensor_data" VALUES(241,1435785143258,1,28.2);
INSERT INTO "sensor_data" VALUES(242,1435785203268,1,28.1);
INSERT INTO "sensor_data" VALUES(243,1435785263269,1,28.1);
INSERT INTO "sensor_data" VALUES(244,1435785323268,1,28.1);
INSERT INTO "sensor_data" VALUES(245,1435785383269,1,28.1);
INSERT INTO "sensor_data" VALUES(246,1435785443278,1,28.1);
INSERT INTO "sensor_data" VALUES(247,1435785503279,1,28.1);
INSERT INTO "sensor_data" VALUES(248,1435785563278,1,28.1);
INSERT INTO "sensor_data" VALUES(249,1435785623278,1,28.2);
INSERT INTO "sensor_data" VALUES(250,1435785683279,1,28.3);
INSERT INTO "sensor_data" VALUES(251,1435785743298,1,28.2);
INSERT INTO "sensor_data" VALUES(252,1435785803288,1,28.2);
INSERT INTO "sensor_data" VALUES(253,1435785863288,1,28.1);
INSERT INTO "sensor_data" VALUES(254,1435785923288,1,28.1);
INSERT INTO "sensor_data" VALUES(255,1435785983288,1,28.1);
INSERT INTO "sensor_data" VALUES(256,1435786043320,1,28.1);
INSERT INTO "sensor_data" VALUES(257,1435786103298,1,28.1);
INSERT INTO "sensor_data" VALUES(258,1435786163308,1,28.1);
INSERT INTO "sensor_data" VALUES(259,1435786223298,1,28.3);
INSERT INTO "sensor_data" VALUES(260,1435786283309,1,28.1);
INSERT INTO "sensor_data" VALUES(261,1435786343308,1,28.1);
INSERT INTO "sensor_data" VALUES(262,1435786403308,1,28.1);
INSERT INTO "sensor_data" VALUES(263,1435786463308,1,28.1);
INSERT INTO "sensor_data" VALUES(264,1435786523319,1,28.1);
INSERT INTO "sensor_data" VALUES(265,1435786583318,1,28.1);
INSERT INTO "sensor_data" VALUES(266,1435786643318,1,28.1);
INSERT INTO "sensor_data" VALUES(267,1435786703318,1,28.1);
INSERT INTO "sensor_data" VALUES(268,1435786763319,1,28.0);
INSERT INTO "sensor_data" VALUES(269,1435786823348,1,28.0);
INSERT INTO "sensor_data" VALUES(270,1435786883328,1,28.0);
INSERT INTO "sensor_data" VALUES(271,1435786943328,1,28.0);
INSERT INTO "sensor_data" VALUES(272,1435787003338,1,28.0);
INSERT INTO "sensor_data" VALUES(273,1435787064158,1,27.9);
INSERT INTO "sensor_data" VALUES(274,1435787123338,1,27.9);
INSERT INTO "sensor_data" VALUES(275,1435787183348,1,28.0);
INSERT INTO "sensor_data" VALUES(276,1435787243348,1,27.9);
INSERT INTO "sensor_data" VALUES(277,1435787303348,1,27.9);
INSERT INTO "sensor_data" VALUES(278,1435787363358,1,27.9);
INSERT INTO "sensor_data" VALUES(279,1435787423358,1,27.9);
INSERT INTO "sensor_data" VALUES(280,1435787483368,1,27.9);
INSERT INTO "sensor_data" VALUES(281,1435787543369,1,27.9);
INSERT INTO "sensor_data" VALUES(282,1435787603368,1,27.8);
INSERT INTO "sensor_data" VALUES(283,1435787663368,1,27.8);
INSERT INTO "sensor_data" VALUES(284,1435787723378,1,27.8);
INSERT INTO "sensor_data" VALUES(285,1435787783378,1,27.9);
INSERT INTO "sensor_data" VALUES(286,1435787810810,1,27.8);
INSERT INTO "sensor_data" VALUES(287,1435787870638,1,27.9);
INSERT INTO "sensor_data" VALUES(288,1435787930598,1,27.9);
INSERT INTO "sensor_data" VALUES(289,1435787990598,1,27.9);
INSERT INTO "sensor_data" VALUES(290,1435788050599,1,27.9);
INSERT INTO "sensor_data" VALUES(291,1435788110598,1,28.1);
INSERT INTO "sensor_data" VALUES(292,1435788171316,1,28.2);
INSERT INTO "sensor_data" VALUES(293,1435788231340,1,28.0);
INSERT INTO "sensor_data" VALUES(294,1435788291370,1,28.0);
INSERT INTO "sensor_data" VALUES(295,1435788351214,1,27.9);
INSERT INTO "sensor_data" VALUES(296,1435788411451,1,27.9);
INSERT INTO "sensor_data" VALUES(297,1435788481916,1,28.1);
INSERT INTO "sensor_data" VALUES(298,1435788562759,1,28.0);
INSERT INTO "sensor_data" VALUES(299,1435788645740,1,27.9);
INSERT INTO "sensor_data" VALUES(300,1435788731224,1,27.9);
INSERT INTO "sensor_data" VALUES(301,1435788813345,1,27.9);
INSERT INTO "sensor_data" VALUES(302,1435788885039,1,27.9);
INSERT INTO "sensor_data" VALUES(303,1435789100124,1,27.6);
INSERT INTO "sensor_data" VALUES(304,1435789160038,1,27.7);
INSERT INTO "sensor_data" VALUES(305,1435789220038,1,27.8);
INSERT INTO "sensor_data" VALUES(306,1435789280048,1,27.7);
INSERT INTO "sensor_data" VALUES(307,1435789340048,1,27.7);
INSERT INTO "sensor_data" VALUES(308,1435789400048,1,27.7);
INSERT INTO "sensor_data" VALUES(309,1435789460058,1,27.7);
INSERT INTO "sensor_data" VALUES(310,1435789520058,1,27.7);
INSERT INTO "sensor_data" VALUES(311,1435789580058,1,27.7);
INSERT INTO "sensor_data" VALUES(312,1435789640059,1,27.7);
INSERT INTO "sensor_data" VALUES(313,1435789700058,1,27.7);
INSERT INTO "sensor_data" VALUES(314,1435789760068,1,27.6);
INSERT INTO "sensor_data" VALUES(315,1435789820068,1,27.6);
INSERT INTO "sensor_data" VALUES(316,1435789880078,1,27.7);
INSERT INTO "sensor_data" VALUES(317,1435789952013,1,27.6);
INSERT INTO "sensor_data" VALUES(318,1435789968103,1,27.5);
INSERT INTO "sensor_data" VALUES(319,1435790028068,1,27.5);
INSERT INTO "sensor_data" VALUES(320,1435790045613,1,27.5);
INSERT INTO "sensor_data" VALUES(321,1435790105589,1,27.5);
INSERT INTO "sensor_data" VALUES(322,1435790171993,1,27.5);
INSERT INTO "sensor_data" VALUES(323,1435790212333,1,27.4);
INSERT INTO "sensor_data" VALUES(324,1435790283983,1,27.5);
INSERT INTO "sensor_data" VALUES(325,1435790353910,1,27.5);
INSERT INTO "sensor_data" VALUES(326,1435790413748,1,27.6);
INSERT INTO "sensor_data" VALUES(327,1435790473789,1,27.5);
INSERT INTO "sensor_data" VALUES(328,1435790533748,1,27.5);
INSERT INTO "sensor_data" VALUES(329,1435790570023,1,27.4);
INSERT INTO "sensor_data" VALUES(330,1435790630113,1,27.4);
INSERT INTO "sensor_data" VALUES(331,1435790690018,1,27.4);
INSERT INTO "sensor_data" VALUES(332,1435790750018,1,27.4);
INSERT INTO "sensor_data" VALUES(333,1435790796467,1,27.4);
INSERT INTO "sensor_data" VALUES(334,1435790851643,1,27.4);
INSERT INTO "sensor_data" VALUES(335,1435790911558,1,27.5);
INSERT INTO "sensor_data" VALUES(336,1435790971578,1,27.6);
INSERT INTO "sensor_data" VALUES(337,1435791031558,1,27.6);
INSERT INTO "sensor_data" VALUES(338,1435791091558,1,27.7);
INSERT INTO "sensor_data" VALUES(339,1435791151558,1,27.6);
INSERT INTO "sensor_data" VALUES(340,1435791211558,1,27.7);
INSERT INTO "sensor_data" VALUES(341,1435791244904,1,27.6);
INSERT INTO "sensor_data" VALUES(342,1435791304818,1,27.6);
INSERT INTO "sensor_data" VALUES(343,1435791364818,1,27.6);
INSERT INTO "sensor_data" VALUES(344,1435791424819,1,27.6);
INSERT INTO "sensor_data" VALUES(345,1435791441223,1,27.6);
INSERT INTO "sensor_data" VALUES(346,1435791501138,1,27.6);
INSERT INTO "sensor_data" VALUES(347,1435791561139,1,27.6);
INSERT INTO "sensor_data" VALUES(348,1435791621138,1,27.6);
INSERT INTO "sensor_data" VALUES(349,1435791681148,1,27.6);
INSERT INTO "sensor_data" VALUES(350,1435791741148,1,27.5);
INSERT INTO "sensor_data" VALUES(351,1435791801148,1,27.6);
INSERT INTO "sensor_data" VALUES(352,1435791861148,1,27.6);
INSERT INTO "sensor_data" VALUES(353,1435791912804,1,27.6);
INSERT INTO "sensor_data" VALUES(354,1435791972269,1,27.6);
INSERT INTO "sensor_data" VALUES(355,1435792032271,1,27.6);
INSERT INTO "sensor_data" VALUES(356,1435792092268,1,27.6);
INSERT INTO "sensor_data" VALUES(357,1435792152278,1,27.6);
INSERT INTO "sensor_data" VALUES(358,1435792212278,1,27.6);
INSERT INTO "sensor_data" VALUES(359,1435792272278,1,27.6);
INSERT INTO "sensor_data" VALUES(360,1435792323243,1,27.6);
INSERT INTO "sensor_data" VALUES(361,1435792383148,1,27.5);
INSERT INTO "sensor_data" VALUES(362,1435792443148,1,27.5);
INSERT INTO "sensor_data" VALUES(363,1435792503159,1,27.5);
INSERT INTO "sensor_data" VALUES(364,1435792558384,1,27.6);
INSERT INTO "sensor_data" VALUES(365,1435792618298,1,27.6);
INSERT INTO "sensor_data" VALUES(366,1435792678338,1,27.7);
INSERT INTO "sensor_data" VALUES(367,1435792738358,1,27.8);
INSERT INTO "sensor_data" VALUES(368,1435792798299,1,27.8);
INSERT INTO "sensor_data" VALUES(369,1435792858368,1,27.8);
INSERT INTO "sensor_data" VALUES(370,1435792918298,1,27.9);
INSERT INTO "sensor_data" VALUES(371,1435792978328,1,27.8);
INSERT INTO "sensor_data" VALUES(372,1435793038299,1,27.7);
INSERT INTO "sensor_data" VALUES(373,1435793098298,1,28.9);
INSERT INTO "sensor_data" VALUES(374,1435793158406,1,27.7);
INSERT INTO "sensor_data" VALUES(375,1435793219342,1,27.6);
INSERT INTO "sensor_data" VALUES(376,1435793279272,1,27.4);
INSERT INTO "sensor_data" VALUES(377,1435793340187,1,27.5);
INSERT INTO "sensor_data" VALUES(378,1435793417205,1,27.3);
INSERT INTO "sensor_data" VALUES(379,1435793487392,1,27.3);
INSERT INTO "sensor_data" VALUES(380,1435793560474,1,27.3);
INSERT INTO "sensor_data" VALUES(381,1435793620388,1,27.1);
INSERT INTO "sensor_data" VALUES(382,1435793684193,1,27.1);
INSERT INTO "sensor_data" VALUES(383,1435793804108,1,27.2);
INSERT INTO "sensor_data" VALUES(384,1435793924108,1,27.1);
INSERT INTO "sensor_data" VALUES(385,1435794044108,1,27.1);
INSERT INTO "sensor_data" VALUES(386,1435794164119,1,27.1);
INSERT INTO "sensor_data" VALUES(387,1435794284119,1,27.1);
INSERT INTO "sensor_data" VALUES(388,1435794404118,1,27.2);
INSERT INTO "sensor_data" VALUES(389,1435794524118,1,27.1);
INSERT INTO "sensor_data" VALUES(390,1435794644362,1,27.1);
INSERT INTO "sensor_data" VALUES(391,1435794764318,1,27.1);
INSERT INTO "sensor_data" VALUES(392,1435794884348,1,27.1);
INSERT INTO "sensor_data" VALUES(393,1435795004378,1,27.1);
INSERT INTO "sensor_data" VALUES(394,1435795124408,1,27.1);
INSERT INTO "sensor_data" VALUES(395,1435795251165,1,27.1);
INSERT INTO "sensor_data" VALUES(396,1435795363483,1,26.9);
INSERT INTO "sensor_data" VALUES(397,1435795484218,1,27.1);
INSERT INTO "sensor_data" VALUES(398,1435795603398,1,27.1);
INSERT INTO "sensor_data" VALUES(399,1435795723398,1,27.1);
INSERT INTO "sensor_data" VALUES(400,1435795844218,1,27.1);
INSERT INTO "sensor_data" VALUES(401,1435795963418,1,27.0);
INSERT INTO "sensor_data" VALUES(402,1435796083468,1,27.1);
INSERT INTO "sensor_data" VALUES(403,1435796203400,1,27.0);
INSERT INTO "sensor_data" VALUES(404,1435859316414,1,27.9);
INSERT INTO "sensor_data" VALUES(405,1435859427214,1,27.9);
INSERT INTO "sensor_data" VALUES(406,1435859498914,1,27.9);
INSERT INTO "sensor_data" VALUES(407,1435859618829,1,28.0);
INSERT INTO "sensor_data" VALUES(408,1435859738829,1,28.1);
INSERT INTO "sensor_data" VALUES(409,1435859814874,1,28.1);
INSERT INTO "sensor_data" VALUES(410,1435859933219,1,28.1);
INSERT INTO "sensor_data" VALUES(411,1435860053229,1,28.3);
INSERT INTO "sensor_data" VALUES(412,1435860173249,1,28.3);
INSERT INTO "sensor_data" VALUES(413,1435860293269,1,28.2);
INSERT INTO "sensor_data" VALUES(414,1435860413259,1,28.0);
INSERT INTO "sensor_data" VALUES(415,1435860533259,1,28.2);
INSERT INTO "sensor_data" VALUES(416,1435860653289,1,28.1);
INSERT INTO "sensor_data" VALUES(417,1435860773339,1,27.5);
INSERT INTO "sensor_data" VALUES(418,1435860893419,1,28.0);
INSERT INTO "sensor_data" VALUES(419,1435861013459,1,27.7);
INSERT INTO "sensor_data" VALUES(420,1435861133499,1,27.2);
INSERT INTO "sensor_data" VALUES(421,1435861253541,1,27.3);
INSERT INTO "sensor_data" VALUES(422,1435861373571,1,27.8);
INSERT INTO "sensor_data" VALUES(423,1435861493698,1,28.1);
INSERT INTO "sensor_data" VALUES(424,1435861613726,1,28.2);
INSERT INTO "sensor_data" VALUES(425,1435861733767,1,28.0);
INSERT INTO "sensor_data" VALUES(426,1435861853758,1,28.0);
INSERT INTO "sensor_data" VALUES(427,1435861980718,1,27.7);
INSERT INTO "sensor_data" VALUES(428,1435862073614,1,27.6);
INSERT INTO "sensor_data" VALUES(429,1435862193529,1,27.6);
INSERT INTO "sensor_data" VALUES(430,1435862313529,1,27.8);
INSERT INTO "sensor_data" VALUES(431,1435862434349,1,27.8);
INSERT INTO "sensor_data" VALUES(432,1435862553539,1,27.5);
INSERT INTO "sensor_data" VALUES(433,1435862673539,1,27.0);
INSERT INTO "sensor_data" VALUES(434,1435862793539,1,27.0);
INSERT INTO "sensor_data" VALUES(435,1435862914120,1,26.8);
INSERT INTO "sensor_data" VALUES(436,1435863034867,1,27.1);
INSERT INTO "sensor_data" VALUES(437,1435863186131,1,27.3);
INSERT INTO "sensor_data" VALUES(438,1435863344857,1,27.6);
INSERT INTO "sensor_data" VALUES(439,1435863536252,1,27.6);
INSERT INTO "sensor_data" VALUES(440,1435863655749,1,27.6);
INSERT INTO "sensor_data" VALUES(441,1435863775890,1,27.6);
INSERT INTO "sensor_data" VALUES(442,1435863821134,1,27.6);
INSERT INTO "sensor_data" VALUES(443,1435863941039,1,27.7);
INSERT INTO "sensor_data" VALUES(444,1435864061039,1,27.7);
INSERT INTO "sensor_data" VALUES(445,1435864181049,1,27.7);
INSERT INTO "sensor_data" VALUES(446,1435864301049,1,27.6);
INSERT INTO "sensor_data" VALUES(447,1435864435754,1,27.6);
INSERT INTO "sensor_data" VALUES(448,1435864486213,1,27.5);
INSERT INTO "sensor_data" VALUES(449,1435864606119,1,27.6);
INSERT INTO "sensor_data" VALUES(450,1435864726119,1,27.6);
INSERT INTO "sensor_data" VALUES(451,1435865010964,1,27.4);
INSERT INTO "sensor_data" VALUES(452,1435865092718,1,27.3);
INSERT INTO "sensor_data" VALUES(453,1435865211829,1,27.4);
INSERT INTO "sensor_data" VALUES(454,1435865331829,1,27.5);
INSERT INTO "sensor_data" VALUES(455,1435865451839,1,27.4);
INSERT INTO "sensor_data" VALUES(456,1435865542724,1,27.4);
INSERT INTO "sensor_data" VALUES(457,1435865640943,1,27.3);
INSERT INTO "sensor_data" VALUES(458,1435865722944,1,27.3);
INSERT INTO "sensor_data" VALUES(459,1435865826913,1,26.4);
INSERT INTO "sensor_data" VALUES(460,1435866006833,1,27.2);
INSERT INTO "sensor_data" VALUES(461,1435866047195,1,27.3);
INSERT INTO "sensor_data" VALUES(462,1435866128879,1,27.3);
INSERT INTO "sensor_data" VALUES(463,1435866153014,1,27.3);
INSERT INTO "sensor_data" VALUES(464,1435866191965,1,27.4);
INSERT INTO "sensor_data" VALUES(465,1435866272364,1,27.3);
INSERT INTO "sensor_data" VALUES(466,1435866327874,1,27.3);
INSERT INTO "sensor_data" VALUES(467,1435866429657,1,27.3);
INSERT INTO "sensor_data" VALUES(468,1435866549149,1,27.4);
INSERT INTO "sensor_data" VALUES(469,1435866599373,1,27.4);
INSERT INTO "sensor_data" VALUES(470,1435866719289,1,27.4);
INSERT INTO "sensor_data" VALUES(471,1435866839289,1,27.4);
INSERT INTO "sensor_data" VALUES(472,1435866959290,1,27.4);
INSERT INTO "sensor_data" VALUES(473,1435866992464,1,27.3);
INSERT INTO "sensor_data" VALUES(474,1435867079024,1,27.3);
INSERT INTO "sensor_data" VALUES(475,1435867135893,1,27.3);
INSERT INTO "sensor_data" VALUES(476,1435867174453,1,27.3);
INSERT INTO "sensor_data" VALUES(477,1435867315683,1,27.3);
INSERT INTO "sensor_data" VALUES(478,1435867435599,1,27.4);
INSERT INTO "sensor_data" VALUES(479,1435867555599,1,27.5);
INSERT INTO "sensor_data" VALUES(480,1435867675599,1,27.5);
INSERT INTO "sensor_data" VALUES(481,1435867795600,1,27.5);
INSERT INTO "sensor_data" VALUES(482,1435867915609,1,27.6);
INSERT INTO "sensor_data" VALUES(483,1435868035629,1,27.4);
INSERT INTO "sensor_data" VALUES(484,1435868155609,1,27.4);
INSERT INTO "sensor_data" VALUES(485,1435868275759,1,27.4);
INSERT INTO "sensor_data" VALUES(486,1435868395809,1,27.4);
INSERT INTO "sensor_data" VALUES(487,1435868515861,1,27.5);
INSERT INTO "sensor_data" VALUES(488,1435868635911,1,27.4);
INSERT INTO "sensor_data" VALUES(489,1435868755954,1,27.3);
INSERT INTO "sensor_data" VALUES(490,1435868876004,1,27.5);
INSERT INTO "sensor_data" VALUES(491,1435868996121,1,27.6);
INSERT INTO "sensor_data" VALUES(492,1435869116084,1,27.5);
INSERT INTO "sensor_data" VALUES(493,1435869236169,1,27.4);
INSERT INTO "sensor_data" VALUES(494,1435869356603,1,27.4);
INSERT INTO "sensor_data" VALUES(495,1435869476634,1,27.5);
INSERT INTO "sensor_data" VALUES(496,1435869596664,1,27.5);
INSERT INTO "sensor_data" VALUES(497,1435869716805,1,27.6);
INSERT INTO "sensor_data" VALUES(498,1435869836913,1,27.6);
INSERT INTO "sensor_data" VALUES(499,1435869957273,1,27.6);
INSERT INTO "sensor_data" VALUES(500,1435870077575,1,27.6);
INSERT INTO "sensor_data" VALUES(501,1435870159604,1,27.6);
INSERT INTO "sensor_data" VALUES(502,1435870279509,1,27.6);
INSERT INTO "sensor_data" VALUES(503,1435870399509,1,27.6);
INSERT INTO "sensor_data" VALUES(504,1435870519549,1,27.5);
INSERT INTO "sensor_data" VALUES(505,1435870640339,1,26.9);
INSERT INTO "sensor_data" VALUES(506,1435870759549,1,27.4);
INSERT INTO "sensor_data" VALUES(507,1435870879519,1,27.4);
INSERT INTO "sensor_data" VALUES(508,1435870999520,1,27.5);
INSERT INTO "sensor_data" VALUES(509,1435871120359,1,27.4);
INSERT INTO "sensor_data" VALUES(510,1435871239529,1,27.4);
INSERT INTO "sensor_data" VALUES(511,1435871359530,1,27.4);
INSERT INTO "sensor_data" VALUES(512,1435871479549,1,27.5);
INSERT INTO "sensor_data" VALUES(513,1435871599530,1,27.5);
INSERT INTO "sensor_data" VALUES(514,1435871719539,1,27.5);
INSERT INTO "sensor_data" VALUES(515,1435871839559,1,27.3);
INSERT INTO "sensor_data" VALUES(516,1435871959539,1,27.4);
INSERT INTO "sensor_data" VALUES(517,1435872079539,1,27.4);
INSERT INTO "sensor_data" VALUES(518,1435872199539,1,27.4);
INSERT INTO "sensor_data" VALUES(519,1435872700454,1,27.2);
INSERT INTO "sensor_data" VALUES(520,1435872741387,1,27.1);
INSERT INTO "sensor_data" VALUES(521,1435872861179,1,27.2);
INSERT INTO "sensor_data" VALUES(522,1435872878214,1,27.2);
INSERT INTO "sensor_data" VALUES(523,1435872926453,1,27.3);
INSERT INTO "sensor_data" VALUES(524,1435873028964,1,27.3);
INSERT INTO "sensor_data" VALUES(525,1435873148879,1,27.4);
INSERT INTO "sensor_data" VALUES(526,1435873268879,1,27.3);
INSERT INTO "sensor_data" VALUES(527,1435873388879,1,27.3);
INSERT INTO "sensor_data" VALUES(528,1435873508889,1,27.3);
INSERT INTO "sensor_data" VALUES(529,1435873628889,1,27.4);
INSERT INTO "sensor_data" VALUES(530,1435873748889,1,27.4);
INSERT INTO "sensor_data" VALUES(531,1435873868889,1,27.3);
INSERT INTO "sensor_data" VALUES(532,1435873988899,1,27.4);
INSERT INTO "sensor_data" VALUES(533,1435874108899,1,27.4);
INSERT INTO "sensor_data" VALUES(534,1435874228899,1,27.5);
INSERT INTO "sensor_data" VALUES(535,1435874348899,1,27.6);
INSERT INTO "sensor_data" VALUES(536,1435874468899,1,27.6);
INSERT INTO "sensor_data" VALUES(537,1435874588909,1,27.6);
INSERT INTO "sensor_data" VALUES(538,1435874708909,1,27.6);
INSERT INTO "sensor_data" VALUES(539,1435874778663,1,27.7);
INSERT INTO "sensor_data" VALUES(540,1435874822205,1,27.6);
INSERT INTO "sensor_data" VALUES(541,1435875381124,1,27.6);
INSERT INTO "sensor_data" VALUES(542,1435875501019,1,27.7);
INSERT INTO "sensor_data" VALUES(543,1435875631593,1,27.7);
INSERT INTO "sensor_data" VALUES(544,1435875670144,1,27.7);
INSERT INTO "sensor_data" VALUES(545,1435875760655,1,27.7);
INSERT INTO "sensor_data" VALUES(546,1435875866750,1,27.7);
INSERT INTO "sensor_data" VALUES(547,1435875986219,1,27.8);
INSERT INTO "sensor_data" VALUES(548,1435876010853,1,27.8);
INSERT INTO "sensor_data" VALUES(549,1435876053444,1,27.8);
INSERT INTO "sensor_data" VALUES(550,1435876384434,1,27.8);
INSERT INTO "sensor_data" VALUES(551,1435876438013,1,27.8);
INSERT INTO "sensor_data" VALUES(552,1435876557963,1,27.9);
INSERT INTO "sensor_data" VALUES(553,1435876678059,1,27.9);
INSERT INTO "sensor_data" VALUES(554,1435876798159,1,27.9);
INSERT INTO "sensor_data" VALUES(555,1435876918189,1,27.9);
INSERT INTO "sensor_data" VALUES(556,1435876998104,1,27.9);
INSERT INTO "sensor_data" VALUES(557,1435877029263,1,27.9);
INSERT INTO "sensor_data" VALUES(558,1435878190486,1,27.8);
INSERT INTO "sensor_data" VALUES(559,1435878309939,1,27.8);
INSERT INTO "sensor_data" VALUES(560,1435878351435,1,27.8);
INSERT INTO "sensor_data" VALUES(561,1435878494423,1,27.8);
INSERT INTO "sensor_data" VALUES(562,1435878614339,1,27.9);
INSERT INTO "sensor_data" VALUES(563,1435878734339,1,27.8);
INSERT INTO "sensor_data" VALUES(564,1435879275984,1,27.6);
INSERT INTO "sensor_data" VALUES(565,1435879407872,1,27.6);
INSERT INTO "sensor_data" VALUES(566,1435879490724,1,27.5);
INSERT INTO "sensor_data" VALUES(567,1435879534421,1,27.5);
INSERT INTO "sensor_data" VALUES(568,1435879594733,1,27.4);
INSERT INTO "sensor_data" VALUES(569,1435879714639,1,27.5);
INSERT INTO "sensor_data" VALUES(570,1435879834669,1,27.6);
INSERT INTO "sensor_data" VALUES(571,1435879901244,1,27.4);
INSERT INTO "sensor_data" VALUES(572,1435880021159,1,27.5);
INSERT INTO "sensor_data" VALUES(573,1435880141159,1,27.5);
INSERT INTO "sensor_data" VALUES(574,1435880261159,1,27.4);
INSERT INTO "sensor_data" VALUES(575,1435880325404,1,27.4);
INSERT INTO "sensor_data" VALUES(576,1435880445309,1,27.3);
INSERT INTO "sensor_data" VALUES(577,1435880550964,1,27.3);
INSERT INTO "sensor_data" VALUES(578,1435880670869,1,27.3);
INSERT INTO "sensor_data" VALUES(579,1435880790879,1,27.4);
INSERT INTO "sensor_data" VALUES(580,1435880910879,1,27.3);
INSERT INTO "sensor_data" VALUES(581,1435881030899,1,27.4);
INSERT INTO "sensor_data" VALUES(582,1435881150879,1,27.4);
INSERT INTO "sensor_data" VALUES(583,1435881270889,1,27.4);
INSERT INTO "sensor_data" VALUES(584,1435881390889,1,27.4);
INSERT INTO "sensor_data" VALUES(585,1435881510889,1,27.4);
INSERT INTO "sensor_data" VALUES(586,1435881630889,1,27.3);
INSERT INTO "sensor_data" VALUES(587,1435881750889,1,27.3);
INSERT INTO "sensor_data" VALUES(588,1435881870899,1,27.3);
INSERT INTO "sensor_data" VALUES(589,1435881990899,1,27.3);
INSERT INTO "sensor_data" VALUES(590,1435882110899,1,27.2);
INSERT INTO "sensor_data" VALUES(591,1435882230899,1,27.2);
INSERT INTO "sensor_data" VALUES(592,1435882350940,1,27.2);
INSERT INTO "sensor_data" VALUES(593,1435882470899,1,27.1);
INSERT INTO "sensor_data" VALUES(594,1435882590909,1,27.1);
INSERT INTO "sensor_data" VALUES(595,1435882710909,1,27.2);
INSERT INTO "sensor_data" VALUES(596,1435882887914,1,27.0);
INSERT INTO "sensor_data" VALUES(597,1435882943353,1,27.0);
INSERT INTO "sensor_data" VALUES(598,1435883063259,1,27.1);
INSERT INTO "sensor_data" VALUES(599,1435883183269,1,27.1);
INSERT INTO "sensor_data" VALUES(600,1435883314677,1,27.0);
INSERT INTO "sensor_data" VALUES(601,1435947108860,1,29.2);
INSERT INTO "sensor_data" VALUES(602,1435947228765,1,29.3);
INSERT INTO "sensor_data" VALUES(603,1435947288459,1,29.3);
INSERT INTO "sensor_data" VALUES(604,1435947342729,1,29.4);
INSERT INTO "sensor_data" VALUES(605,1435947370899,1,29.3);
INSERT INTO "sensor_data" VALUES(606,1435947488320,1,29.4);
INSERT INTO "sensor_data" VALUES(607,1435947608225,1,29.4);
INSERT INTO "sensor_data" VALUES(608,1435947654409,1,29.4);
INSERT INTO "sensor_data" VALUES(609,1435947683113,1,29.3);
INSERT INTO "sensor_data" VALUES(610,1435947802769,1,29.4);
INSERT INTO "sensor_data" VALUES(611,1435947922855,1,29.4);
INSERT INTO "sensor_data" VALUES(612,1435948014530,1,29.3);
INSERT INTO "sensor_data" VALUES(613,1435948083529,1,29.3);
INSERT INTO "sensor_data" VALUES(614,1435948140667,1,29.3);
INSERT INTO "sensor_data" VALUES(615,1435948181477,1,29.3);
INSERT INTO "sensor_data" VALUES(616,1435948215329,1,29.3);
INSERT INTO "sensor_data" VALUES(617,1435948335319,1,29.2);
INSERT INTO "sensor_data" VALUES(618,1435948423979,1,29.2);
INSERT INTO "sensor_data" VALUES(619,1435948461529,1,29.1);
INSERT INTO "sensor_data" VALUES(620,1435948525399,1,29.1);
INSERT INTO "sensor_data" VALUES(621,1435948658079,1,29.1);
INSERT INTO "sensor_data" VALUES(622,1435948692539,1,29.1);
INSERT INTO "sensor_data" VALUES(623,1435948723411,1,29.1);
INSERT INTO "sensor_data" VALUES(624,1435948843442,1,29.1);
INSERT INTO "sensor_data" VALUES(625,1435948985369,1,29.3);
INSERT INTO "sensor_data" VALUES(626,1435949063839,1,29.3);
INSERT INTO "sensor_data" VALUES(627,1435949130809,1,29.3);
INSERT INTO "sensor_data" VALUES(628,1435950031409,1,29.4);
INSERT INTO "sensor_data" VALUES(629,1435950151325,1,29.3);
INSERT INTO "sensor_data" VALUES(630,1435950271325,1,29.2);
INSERT INTO "sensor_data" VALUES(631,1435950391335,1,29.1);
INSERT INTO "sensor_data" VALUES(632,1435950511335,1,29.2);
INSERT INTO "sensor_data" VALUES(633,1435950631335,1,29.2);
INSERT INTO "sensor_data" VALUES(634,1435950751345,1,29.2);
INSERT INTO "sensor_data" VALUES(635,1435950871345,1,29.3);
INSERT INTO "sensor_data" VALUES(636,1435950991345,1,29.1);
INSERT INTO "sensor_data" VALUES(637,1435951111345,1,29.0);
INSERT INTO "sensor_data" VALUES(638,1435951231355,1,29.1);
INSERT INTO "sensor_data" VALUES(639,1435951351355,1,29.1);
INSERT INTO "sensor_data" VALUES(640,1435951471355,1,29.1);
INSERT INTO "sensor_data" VALUES(641,1435951591355,1,29.1);
INSERT INTO "sensor_data" VALUES(642,1435951711365,1,29.1);
INSERT INTO "sensor_data" VALUES(643,1435951831385,1,29.0);
INSERT INTO "sensor_data" VALUES(644,1435951951365,1,29.0);
INSERT INTO "sensor_data" VALUES(645,1435952071365,1,28.9);
INSERT INTO "sensor_data" VALUES(646,1435952191365,1,28.9);
INSERT INTO "sensor_data" VALUES(647,1435952358537,1,28.9);
INSERT INTO "sensor_data" VALUES(648,1435952478245,1,28.9);
INSERT INTO "sensor_data" VALUES(649,1435952598255,1,29.0);
INSERT INTO "sensor_data" VALUES(650,1435952643281,1,28.9);
INSERT INTO "sensor_data" VALUES(651,1435952687889,1,28.9);
INSERT INTO "sensor_data" VALUES(652,1435952807909,1,28.9);
INSERT INTO "sensor_data" VALUES(653,1435952848780,1,28.9);
INSERT INTO "sensor_data" VALUES(654,1435952908780,1,28.9);
INSERT INTO "sensor_data" VALUES(655,1435952965453,1,28.9);
INSERT INTO "sensor_data" VALUES(656,1435953085461,1,28.8);
INSERT INTO "sensor_data" VALUES(657,1435953102120,1,28.9);
INSERT INTO "sensor_data" VALUES(658,1435953134579,1,28.8);
INSERT INTO "sensor_data" VALUES(659,1435953172809,1,28.8);
INSERT INTO "sensor_data" VALUES(660,1435953284491,1,28.9);
INSERT INTO "sensor_data" VALUES(661,1435953308850,1,28.9);
INSERT INTO "sensor_data" VALUES(662,1435953337200,1,28.9);
INSERT INTO "sensor_data" VALUES(663,1435953420230,1,28.9);
INSERT INTO "sensor_data" VALUES(664,1435953451199,1,28.8);
INSERT INTO "sensor_data" VALUES(665,1435953501930,1,28.9);
INSERT INTO "sensor_data" VALUES(666,1435953525670,1,28.9);
INSERT INTO "sensor_data" VALUES(667,1435953561239,1,28.9);
INSERT INTO "sensor_data" VALUES(668,1435953591710,1,28.9);
INSERT INTO "sensor_data" VALUES(669,1435953656999,1,28.9);
INSERT INTO "sensor_data" VALUES(670,1435953708490,1,29.0);
INSERT INTO "sensor_data" VALUES(671,1435953754289,1,28.9);
INSERT INTO "sensor_data" VALUES(672,1435953802180,1,28.9);
INSERT INTO "sensor_data" VALUES(673,1435953924639,1,29.0);
INSERT INTO "sensor_data" VALUES(674,1435953990770,1,29.0);
INSERT INTO "sensor_data" VALUES(675,1435954035690,1,28.9);
INSERT INTO "sensor_data" VALUES(676,1435954151719,1,29.0);
INSERT INTO "sensor_data" VALUES(677,1435954179452,1,29.0);
INSERT INTO "sensor_data" VALUES(678,1435954230700,1,29.0);
INSERT INTO "sensor_data" VALUES(679,1435954264589,1,29.0);
INSERT INTO "sensor_data" VALUES(680,1435954321061,1,28.9);
INSERT INTO "sensor_data" VALUES(681,1435954450509,1,28.9);
INSERT INTO "sensor_data" VALUES(682,1435954489299,1,28.9);
INSERT INTO "sensor_data" VALUES(683,1435954606639,1,28.9);
INSERT INTO "sensor_data" VALUES(684,1435954656480,1,28.8);
INSERT INTO "sensor_data" VALUES(685,1435954686990,1,28.8);
INSERT INTO "sensor_data" VALUES(686,1435954807019,1,28.8);
INSERT INTO "sensor_data" VALUES(687,1435954927095,1,28.7);
INSERT INTO "sensor_data" VALUES(688,1435954964849,1,28.8);
INSERT INTO "sensor_data" VALUES(689,1435955011159,1,28.8);
INSERT INTO "sensor_data" VALUES(690,1435955078830,1,28.8);
INSERT INTO "sensor_data" VALUES(691,1435955119739,1,28.8);
INSERT INTO "sensor_data" VALUES(692,1435955238440,1,28.7);
INSERT INTO "sensor_data" VALUES(693,1435955298969,1,28.7);
INSERT INTO "sensor_data" VALUES(694,1435955352890,1,28.8);
INSERT INTO "sensor_data" VALUES(695,1435955500420,1,28.6);
INSERT INTO "sensor_data" VALUES(696,1435955591902,1,28.7);
INSERT INTO "sensor_data" VALUES(697,1435955649459,1,28.6);
INSERT INTO "sensor_data" VALUES(698,1435955883030,1,28.8);
INSERT INTO "sensor_data" VALUES(699,1435955990200,1,28.9);
INSERT INTO "sensor_data" VALUES(700,1435956205055,1,28.9);
INSERT INTO "sensor_data" VALUES(701,1435956321769,1,28.9);
INSERT INTO "sensor_data" VALUES(702,1435956403380,1,28.9);
INSERT INTO "sensor_data" VALUES(703,1435956449040,1,28.9);
INSERT INTO "sensor_data" VALUES(704,1435956505989,1,28.8);
INSERT INTO "sensor_data" VALUES(705,1435956724459,1,28.7);
INSERT INTO "sensor_data" VALUES(706,1435956962069,1,28.6);
INSERT INTO "sensor_data" VALUES(707,1435957111930,1,28.6);
INSERT INTO "sensor_data" VALUES(708,1435957172319,1,28.6);
INSERT INTO "sensor_data" VALUES(709,1435957198250,1,28.6);
INSERT INTO "sensor_data" VALUES(710,1435957251004,1,28.6);
INSERT INTO "sensor_data" VALUES(711,1435957371019,1,28.6);
INSERT INTO "sensor_data" VALUES(712,1435957434769,1,28.6);
INSERT INTO "sensor_data" VALUES(713,1435957493620,1,28.6);
INSERT INTO "sensor_data" VALUES(714,1435957613569,1,28.7);
INSERT INTO "sensor_data" VALUES(715,1435957631177,1,28.7);
INSERT INTO "sensor_data" VALUES(716,1435957813730,1,28.6);
INSERT INTO "sensor_data" VALUES(717,1435958011820,1,28.6);
INSERT INTO "sensor_data" VALUES(718,1435958081029,1,28.6);
INSERT INTO "sensor_data" VALUES(719,1435958140900,1,28.6);
INSERT INTO "sensor_data" VALUES(720,1435958186479,1,28.6);
INSERT INTO "sensor_data" VALUES(721,1435958306499,1,28.6);
INSERT INTO "sensor_data" VALUES(722,1435958423329,1,28.7);
INSERT INTO "sensor_data" VALUES(723,1435958509659,1,28.6);
INSERT INTO "sensor_data" VALUES(724,1435958615839,1,28.6);
INSERT INTO "sensor_data" VALUES(725,1435958694719,1,28.6);
INSERT INTO "sensor_data" VALUES(726,1435958742771,1,28.6);
INSERT INTO "sensor_data" VALUES(727,1435958862799,1,28.6);
INSERT INTO "sensor_data" VALUES(728,1435958921650,1,28.6);
INSERT INTO "sensor_data" VALUES(729,1435958958300,1,28.6);
INSERT INTO "sensor_data" VALUES(730,1435959065059,1,28.6);
INSERT INTO "sensor_data" VALUES(731,1435959109520,1,28.6);
INSERT INTO "sensor_data" VALUES(732,1435959275179,1,28.6);
INSERT INTO "sensor_data" VALUES(733,1435959325139,1,28.6);
INSERT INTO "sensor_data" VALUES(734,1435959360327,1,28.6);
INSERT INTO "sensor_data" VALUES(735,1435959479949,1,28.6);
INSERT INTO "sensor_data" VALUES(736,1435959600035,1,28.6);
INSERT INTO "sensor_data" VALUES(737,1435959657391,1,28.6);
INSERT INTO "sensor_data" VALUES(738,1435959784669,1,28.6);
INSERT INTO "sensor_data" VALUES(739,1435959834279,1,28.6);
INSERT INTO "sensor_data" VALUES(740,1435959950470,1,28.6);
INSERT INTO "sensor_data" VALUES(741,1435959989676,1,28.6);
INSERT INTO "sensor_data" VALUES(742,1435960072269,1,28.5);
INSERT INTO "sensor_data" VALUES(743,1435960199360,1,28.5);
INSERT INTO "sensor_data" VALUES(744,1435960398309,1,28.5);
INSERT INTO "sensor_data" VALUES(745,1435960524270,1,28.6);
INSERT INTO "sensor_data" VALUES(746,1435960630020,1,28.6);
INSERT INTO "sensor_data" VALUES(747,1435960659900,1,28.6);
INSERT INTO "sensor_data" VALUES(748,1435960779929,1,28.6);
INSERT INTO "sensor_data" VALUES(749,1435960798830,1,28.6);
INSERT INTO "sensor_data" VALUES(750,1435960901810,1,28.6);
INSERT INTO "sensor_data" VALUES(751,1435960968679,1,28.5);
INSERT INTO "sensor_data" VALUES(752,1435961050849,1,28.5);
INSERT INTO "sensor_data" VALUES(753,1435961086149,1,28.5);
INSERT INTO "sensor_data" VALUES(754,1435961206169,1,28.4);
INSERT INTO "sensor_data" VALUES(755,1435961326275,1,28.6);
INSERT INTO "sensor_data" VALUES(756,1435961369750,1,28.6);
INSERT INTO "sensor_data" VALUES(757,1435961415059,1,28.6);
INSERT INTO "sensor_data" VALUES(758,1435961446599,1,28.6);
INSERT INTO "sensor_data" VALUES(759,1435961554459,1,28.5);
INSERT INTO "sensor_data" VALUES(760,1435961593099,1,28.5);
INSERT INTO "sensor_data" VALUES(761,1435961713140,1,28.4);
INSERT INTO "sensor_data" VALUES(762,1435961792270,1,28.4);
INSERT INTO "sensor_data" VALUES(763,1435961912269,1,28.3);
INSERT INTO "sensor_data" VALUES(764,1435962032354,1,28.3);
INSERT INTO "sensor_data" VALUES(765,1435962161139,1,28.3);
INSERT INTO "sensor_data" VALUES(766,1435962229949,1,28.3);
INSERT INTO "sensor_data" VALUES(767,1435962349949,1,28.3);
INSERT INTO "sensor_data" VALUES(768,1435962470005,1,28.3);
INSERT INTO "sensor_data" VALUES(769,1435962564269,1,28.3);
INSERT INTO "sensor_data" VALUES(770,1435962666540,1,28.3);
INSERT INTO "sensor_data" VALUES(771,1435962773170,1,28.3);
INSERT INTO "sensor_data" VALUES(772,1435962892349,1,28.3);
INSERT INTO "sensor_data" VALUES(773,1435962926349,1,28.4);
INSERT INTO "sensor_data" VALUES(774,1435962969420,1,28.3);
INSERT INTO "sensor_data" VALUES(775,1435963051060,1,28.3);
INSERT INTO "sensor_data" VALUES(776,1435963085529,1,28.3);
INSERT INTO "sensor_data" VALUES(777,1435963177689,1,28.2);
INSERT INTO "sensor_data" VALUES(778,1435963265569,1,28.1);
INSERT INTO "sensor_data" VALUES(779,1435963385549,1,28.0);
INSERT INTO "sensor_data" VALUES(780,1435963467759,1,28.1);
INSERT INTO "sensor_data" VALUES(781,1435963496789,1,28.1);
INSERT INTO "sensor_data" VALUES(782,1435963615970,1,28.0);
INSERT INTO "sensor_data" VALUES(783,1435963736004,1,28.1);
INSERT INTO "sensor_data" VALUES(784,1435963758229,1,28.1);
INSERT INTO "sensor_data" VALUES(785,1435963878249,1,28.0);
INSERT INTO "sensor_data" VALUES(786,1435963998305,1,28.0);
INSERT INTO "sensor_data" VALUES(787,1435964118365,1,27.9);
INSERT INTO "sensor_data" VALUES(788,1435964238385,1,27.9);
INSERT INTO "sensor_data" VALUES(789,1435964358485,1,27.8);
INSERT INTO "sensor_data" VALUES(790,1435964478585,1,27.9);
INSERT INTO "sensor_data" VALUES(791,1435964598685,1,27.9);
INSERT INTO "sensor_data" VALUES(792,1435964684389,1,27.8);
INSERT INTO "sensor_data" VALUES(793,1435964760020,1,27.8);
INSERT INTO "sensor_data" VALUES(794,1435964880799,1,27.8);
INSERT INTO "sensor_data" VALUES(795,1435965000075,1,27.8);
INSERT INTO "sensor_data" VALUES(796,1435965120165,1,27.7);
INSERT INTO "sensor_data" VALUES(797,1435965240264,1,27.6);
INSERT INTO "sensor_data" VALUES(798,1435965360365,1,27.7);
INSERT INTO "sensor_data" VALUES(799,1435965427270,1,27.6);
INSERT INTO "sensor_data" VALUES(800,1435965465879,1,27.7);
INSERT INTO "sensor_data" VALUES(801,1435965585899,1,27.8);
INSERT INTO "sensor_data" VALUES(802,1435965729809,1,27.6);
INSERT INTO "sensor_data" VALUES(803,1435965849769,1,27.6);
INSERT INTO "sensor_data" VALUES(804,1435965969855,1,27.6);
INSERT INTO "sensor_data" VALUES(805,1435966089965,1,27.7);
INSERT INTO "sensor_data" VALUES(806,1435966149870,1,27.7);
INSERT INTO "sensor_data" VALUES(807,1435966219960,1,27.6);
INSERT INTO "sensor_data" VALUES(808,1435966358199,1,27.6);
INSERT INTO "sensor_data" VALUES(809,1435966416280,1,27.6);
INSERT INTO "sensor_data" VALUES(810,1435966492170,1,27.6);
INSERT INTO "sensor_data" VALUES(811,1435966583739,1,27.6);
INSERT INTO "sensor_data" VALUES(812,1435966632189,1,27.6);
INSERT INTO "sensor_data" VALUES(813,1435966695209,1,27.6);
INSERT INTO "sensor_data" VALUES(814,1435966776440,1,27.6);
INSERT INTO "sensor_data" VALUES(815,1435966819879,1,27.6);
INSERT INTO "sensor_data" VALUES(816,1435966859289,1,27.6);
INSERT INTO "sensor_data" VALUES(817,1435966953009,1,27.6);
INSERT INTO "sensor_data" VALUES(818,1435967072989,1,27.4);
INSERT INTO "sensor_data" VALUES(819,1435967193005,1,27.3);
INSERT INTO "sensor_data" VALUES(820,1435967247519,1,27.3);
INSERT INTO "sensor_data" VALUES(821,1435967279539,1,27.3);
INSERT INTO "sensor_data" VALUES(822,1435967399559,1,27.4);
INSERT INTO "sensor_data" VALUES(823,1435967468510,1,27.4);
INSERT INTO "sensor_data" VALUES(824,1435967524850,1,27.4);
INSERT INTO "sensor_data" VALUES(825,1435967644789,1,27.4);
INSERT INTO "sensor_data" VALUES(826,1435967764895,1,27.3);
INSERT INTO "sensor_data" VALUES(827,1435967884995,1,27.3);
INSERT INTO "sensor_data" VALUES(828,1435968005095,1,27.3);
INSERT INTO "sensor_data" VALUES(829,1435968125175,1,27.3);
INSERT INTO "sensor_data" VALUES(830,1435968245255,1,27.1);
INSERT INTO "sensor_data" VALUES(831,1435968295920,1,27.0);
INSERT INTO "sensor_data" VALUES(832,1435968415919,1,26.9);
INSERT INTO "sensor_data" VALUES(833,1435968471320,1,27.0);
INSERT INTO "sensor_data" VALUES(834,1435968534730,1,26.3);
INSERT INTO "sensor_data" VALUES(835,1435968654688,1,26.9);
INSERT INTO "sensor_data" VALUES(836,1435968727789,1,27.0);
INSERT INTO "sensor_data" VALUES(837,1435968807160,1,27.1);
INSERT INTO "sensor_data" VALUES(838,1435969159360,1,26.9);
INSERT INTO "sensor_data" VALUES(839,1435969199259,1,27.0);
INSERT INTO "sensor_data" VALUES(840,1435969247849,1,26.9);
INSERT INTO "sensor_data" VALUES(841,1435969278219,1,26.9);
INSERT INTO "sensor_data" VALUES(842,1435969398189,1,26.9);
INSERT INTO "sensor_data" VALUES(843,1435969528039,1,27.0);
INSERT INTO "sensor_data" VALUES(844,1435969608249,1,26.9);
INSERT INTO "sensor_data" VALUES(845,1435969665479,1,26.9);
INSERT INTO "sensor_data" VALUES(846,1435969772680,1,26.8);
INSERT INTO "sensor_data" VALUES(847,1435969829129,1,26.9);
INSERT INTO "sensor_data" VALUES(848,1435969862960,1,26.8);
INSERT INTO "sensor_data" VALUES(849,1435969901710,1,26.8);
INSERT INTO "sensor_data" VALUES(850,1435970021739,1,26.8);
INSERT INTO "sensor_data" VALUES(851,1435970041560,1,26.8);
INSERT INTO "sensor_data" VALUES(852,1435970076939,1,26.8);
INSERT INTO "sensor_data" VALUES(853,1435970109820,1,26.8);
INSERT INTO "sensor_data" VALUES(854,1435970183709,1,26.8);
INSERT INTO "sensor_data" VALUES(855,1435970285839,1,26.7);
INSERT INTO "sensor_data" VALUES(856,1435970307420,1,26.7);
INSERT INTO "sensor_data" VALUES(857,1435970427450,1,26.6);
INSERT INTO "sensor_data" VALUES(858,1435970477929,1,26.6);
INSERT INTO "sensor_data" VALUES(859,1435970597919,1,26.6);
INSERT INTO "sensor_data" VALUES(860,1435970717985,1,26.6);
INSERT INTO "sensor_data" VALUES(861,1435970838055,1,26.6);
INSERT INTO "sensor_data" VALUES(862,1435970958155,1,26.6);
INSERT INTO "sensor_data" VALUES(863,1435971078185,1,26.6);
INSERT INTO "sensor_data" VALUES(864,1435971208739,1,26.5);
INSERT INTO "sensor_data" VALUES(865,1435971240105,1,26.5);
INSERT INTO "sensor_data" VALUES(866,1435971283639,1,26.6);
INSERT INTO "sensor_data" VALUES(867,1435971374030,1,26.6);
INSERT INTO "sensor_data" VALUES(868,1435971408425,1,26.6);
INSERT INTO "sensor_data" VALUES(869,1435971430969,1,26.6);
INSERT INTO "sensor_data" VALUES(870,1435971550929,1,26.6);
INSERT INTO "sensor_data" VALUES(871,1435971584160,1,26.6);
INSERT INTO "sensor_data" VALUES(872,1435971637819,1,26.6);
INSERT INTO "sensor_data" VALUES(873,1435971757819,1,26.6);
INSERT INTO "sensor_data" VALUES(874,1435971877915,1,26.6);
INSERT INTO "sensor_data" VALUES(875,1435971997985,1,26.6);
INSERT INTO "sensor_data" VALUES(876,1435972086749,1,26.5);
INSERT INTO "sensor_data" VALUES(877,1435972151044,1,26.5);
INSERT INTO "sensor_data" VALUES(878,1435972170720,1,26.6);
INSERT INTO "sensor_data" VALUES(879,1435972224100,1,26.5);
INSERT INTO "sensor_data" VALUES(880,1435972250949,1,26.6);
INSERT INTO "sensor_data" VALUES(881,1435972304839,1,26.5);
INSERT INTO "sensor_data" VALUES(882,1435972376629,1,26.5);
INSERT INTO "sensor_data" VALUES(883,1435972462149,1,26.5);
INSERT INTO "sensor_data" VALUES(884,1435972513239,1,26.5);
INSERT INTO "sensor_data" VALUES(885,1435972543739,1,26.5);
INSERT INTO "sensor_data" VALUES(886,1435972626775,1,26.4);
INSERT INTO "sensor_data" VALUES(887,1435972875444,1,26.5);
INSERT INTO "sensor_data" VALUES(888,1435972948631,1,26.5);
INSERT INTO "sensor_data" VALUES(889,1435972963369,1,26.6);
INSERT INTO "sensor_data" VALUES(890,1435973083339,1,26.6);
INSERT INTO "sensor_data" VALUES(891,1435973137129,1,26.5);
INSERT INTO "sensor_data" VALUES(892,1435973232645,1,26.4);
INSERT INTO "sensor_data" VALUES(893,1435973365040,1,26.4);
INSERT INTO "sensor_data" VALUES(894,1435973496070,1,26.4);
INSERT INTO "sensor_data" VALUES(895,1435973579712,1,26.4);
INSERT INTO "sensor_data" VALUES(896,1435973644769,1,26.4);
INSERT INTO "sensor_data" VALUES(897,1435973764769,1,26.4);
INSERT INTO "sensor_data" VALUES(898,1435973884845,1,26.4);
INSERT INTO "sensor_data" VALUES(899,1435974004895,1,26.4);
INSERT INTO "sensor_data" VALUES(900,1436008203735,1,28.8);
INSERT INTO "sensor_data" VALUES(901,1436008323651,1,28.9);
INSERT INTO "sensor_data" VALUES(902,1436008443651,1,28.9);
INSERT INTO "sensor_data" VALUES(903,1436008563651,1,28.7);
INSERT INTO "sensor_data" VALUES(904,1436008683661,1,28.8);
INSERT INTO "sensor_data" VALUES(905,1436008803661,1,28.9);
INSERT INTO "sensor_data" VALUES(906,1436008923701,1,28.8);
INSERT INTO "sensor_data" VALUES(907,1436009043671,1,28.8);
INSERT INTO "sensor_data" VALUES(908,1436009163671,1,28.9);
INSERT INTO "sensor_data" VALUES(909,1436009283681,1,28.9);
INSERT INTO "sensor_data" VALUES(910,1436009403681,1,29.0);
INSERT INTO "sensor_data" VALUES(911,1436009523681,1,28.9);
INSERT INTO "sensor_data" VALUES(912,1436009643691,1,29.0);
INSERT INTO "sensor_data" VALUES(913,1436009704076,1,28.9);
INSERT INTO "sensor_data" VALUES(914,1436009823991,1,28.9);
INSERT INTO "sensor_data" VALUES(915,1436009943991,1,29.0);
INSERT INTO "sensor_data" VALUES(916,1436010064001,1,28.9);
INSERT INTO "sensor_data" VALUES(917,1436010184011,1,29.0);
INSERT INTO "sensor_data" VALUES(918,1436010304011,1,29.1);
INSERT INTO "sensor_data" VALUES(919,1436010424011,1,29.1);
INSERT INTO "sensor_data" VALUES(920,1436010544031,1,29.1);
INSERT INTO "sensor_data" VALUES(921,1436010561016,1,29.0);
INSERT INTO "sensor_data" VALUES(922,1436010680931,1,29.1);
INSERT INTO "sensor_data" VALUES(923,1436010720395,1,29.0);
INSERT INTO "sensor_data" VALUES(924,1436010840365,1,29.1);
INSERT INTO "sensor_data" VALUES(925,1436010903676,1,28.9);
INSERT INTO "sensor_data" VALUES(926,1436011023561,1,29.3);
INSERT INTO "sensor_data" VALUES(927,1436011142457,1,29.3);
INSERT INTO "sensor_data" VALUES(928,1436011217826,1,29.2);
INSERT INTO "sensor_data" VALUES(929,1436011337741,1,29.3);
INSERT INTO "sensor_data" VALUES(930,1436011413985,1,29.1);
INSERT INTO "sensor_data" VALUES(931,1436011464086,1,29.2);
INSERT INTO "sensor_data" VALUES(932,1436011584001,1,29.3);
INSERT INTO "sensor_data" VALUES(933,1436011704001,1,29.2);
INSERT INTO "sensor_data" VALUES(934,1436011824001,1,29.2);
INSERT INTO "sensor_data" VALUES(935,1436011944011,1,29.1);
INSERT INTO "sensor_data" VALUES(936,1436012064011,1,29.2);
INSERT INTO "sensor_data" VALUES(937,1436012184011,1,29.1);
INSERT INTO "sensor_data" VALUES(938,1436012304061,1,29.2);
INSERT INTO "sensor_data" VALUES(939,1436012424021,1,29.3);
INSERT INTO "sensor_data" VALUES(940,1436012544021,1,29.4);
INSERT INTO "sensor_data" VALUES(941,1436012664021,1,29.3);
INSERT INTO "sensor_data" VALUES(942,1436012784031,1,29.3);
INSERT INTO "sensor_data" VALUES(943,1436012904031,1,29.2);
INSERT INTO "sensor_data" VALUES(944,1436013024031,1,29.3);
INSERT INTO "sensor_data" VALUES(945,1436013144031,1,29.2);
INSERT INTO "sensor_data" VALUES(946,1436013266998,1,29.1);
INSERT INTO "sensor_data" VALUES(947,1436013322976,1,29.2);
INSERT INTO "sensor_data" VALUES(948,1436013422786,1,29.1);
INSERT INTO "sensor_data" VALUES(949,1436013481375,1,29.2);
INSERT INTO "sensor_data" VALUES(950,1436013549996,1,29.1);
INSERT INTO "sensor_data" VALUES(951,1436013605296,1,29.2);
INSERT INTO "sensor_data" VALUES(952,1436013664066,1,29.3);
INSERT INTO "sensor_data" VALUES(953,1436013717646,1,29.2);
INSERT INTO "sensor_data" VALUES(954,1436013821337,1,29.1);
INSERT INTO "sensor_data" VALUES(955,1436013883865,1,29.0);
INSERT INTO "sensor_data" VALUES(956,1436013976464,1,29.0);
INSERT INTO "sensor_data" VALUES(957,1436014078328,1,29.2);
INSERT INTO "sensor_data" VALUES(958,1436014171276,1,29.2);
INSERT INTO "sensor_data" VALUES(959,1436014232496,1,29.3);
INSERT INTO "sensor_data" VALUES(960,1436014310269,1,29.3);
INSERT INTO "sensor_data" VALUES(961,1436014404967,1,29.3);
INSERT INTO "sensor_data" VALUES(962,1436014497510,1,29.3);
INSERT INTO "sensor_data" VALUES(963,1436014562995,1,29.3);
INSERT INTO "sensor_data" VALUES(964,1436014608033,1,29.2);
INSERT INTO "sensor_data" VALUES(965,1436014678975,1,29.2);
INSERT INTO "sensor_data" VALUES(966,1436014738066,1,29.3);
INSERT INTO "sensor_data" VALUES(967,1436014858335,1,29.4);
INSERT INTO "sensor_data" VALUES(968,1436014922806,1,29.4);
INSERT INTO "sensor_data" VALUES(969,1436014981876,1,29.4);
INSERT INTO "sensor_data" VALUES(970,1436015100096,1,29.4);
INSERT INTO "sensor_data" VALUES(971,1436015220021,1,29.4);
INSERT INTO "sensor_data" VALUES(972,1436015287062,1,29.4);
INSERT INTO "sensor_data" VALUES(973,1436015406891,1,29.4);
INSERT INTO "sensor_data" VALUES(974,1436015460590,1,29.4);
INSERT INTO "sensor_data" VALUES(975,1436015579951,1,29.4);
INSERT INTO "sensor_data" VALUES(976,1436015699951,1,29.4);
INSERT INTO "sensor_data" VALUES(977,1436015769626,1,29.3);
INSERT INTO "sensor_data" VALUES(978,1436015850836,1,29.4);
INSERT INTO "sensor_data" VALUES(979,1436015970751,1,29.4);
INSERT INTO "sensor_data" VALUES(980,1436016025056,1,29.5);
INSERT INTO "sensor_data" VALUES(981,1436016103915,1,29.5);
INSERT INTO "sensor_data" VALUES(982,1436016183626,1,29.4);
INSERT INTO "sensor_data" VALUES(983,1436016303565,1,29.4);
INSERT INTO "sensor_data" VALUES(984,1436016357717,1,29.3);
INSERT INTO "sensor_data" VALUES(985,1436016378716,1,29.4);
INSERT INTO "sensor_data" VALUES(986,1436016472956,1,29.4);
INSERT INTO "sensor_data" VALUES(987,1436016549128,1,29.4);
INSERT INTO "sensor_data" VALUES(988,1436016582126,1,29.4);
INSERT INTO "sensor_data" VALUES(989,1436016610879,1,29.5);
INSERT INTO "sensor_data" VALUES(990,1436016730511,1,29.5);
INSERT INTO "sensor_data" VALUES(991,1436016815836,1,29.5);
INSERT INTO "sensor_data" VALUES(992,1436016864525,1,29.6);
INSERT INTO "sensor_data" VALUES(993,1436016881256,1,29.6);
INSERT INTO "sensor_data" VALUES(994,1436016971236,1,29.5);
INSERT INTO "sensor_data" VALUES(995,1436017091151,1,29.6);
INSERT INTO "sensor_data" VALUES(996,1436017152826,1,29.5);
INSERT INTO "sensor_data" VALUES(997,1436017187935,1,29.5);
INSERT INTO "sensor_data" VALUES(998,1436017255705,1,29.3);
INSERT INTO "sensor_data" VALUES(999,1436017375621,1,29.4);
INSERT INTO "sensor_data" VALUES(1000,1436017459026,1,29.4);
INSERT INTO "sensor_data" VALUES(1001,1436017578941,1,29.6);
INSERT INTO "sensor_data" VALUES(1002,1436017698941,1,29.4);
INSERT INTO "sensor_data" VALUES(1003,1436017801057,1,29.5);
INSERT INTO "sensor_data" VALUES(1004,1436017920391,1,29.4);
INSERT INTO "sensor_data" VALUES(1005,1436018040391,1,29.5);
INSERT INTO "sensor_data" VALUES(1006,1436018124596,1,29.4);
INSERT INTO "sensor_data" VALUES(1007,1436018168457,1,29.4);
INSERT INTO "sensor_data" VALUES(1008,1436018519286,1,29.2);
INSERT INTO "sensor_data" VALUES(1009,1436018639191,1,29.2);
INSERT INTO "sensor_data" VALUES(1010,1436018789635,1,29.3);
INSERT INTO "sensor_data" VALUES(1011,1436021581048,1,29.1);
INSERT INTO "sensor_data" VALUES(1012,1436021700881,1,29.1);
INSERT INTO "sensor_data" VALUES(1013,1436021910645,1,28.9);
INSERT INTO "sensor_data" VALUES(1014,1436022030561,1,28.9);
INSERT INTO "sensor_data" VALUES(1015,1436022150561,1,29.0);
INSERT INTO "sensor_data" VALUES(1016,1436022270571,1,28.9);
INSERT INTO "sensor_data" VALUES(1017,1436022412376,1,28.9);
INSERT INTO "sensor_data" VALUES(1018,1436022531931,1,29.0);
INSERT INTO "sensor_data" VALUES(1019,1436022651901,1,28.6);
INSERT INTO "sensor_data" VALUES(1020,1436022771911,1,28.5);
INSERT INTO "sensor_data" VALUES(1021,1436022891911,1,28.8);
INSERT INTO "sensor_data" VALUES(1022,1436023011912,1,28.8);
INSERT INTO "sensor_data" VALUES(1023,1436023141056,1,28.7);
INSERT INTO "sensor_data" VALUES(1024,1436023179586,1,28.6);
INSERT INTO "sensor_data" VALUES(1025,1436023299211,1,28.9);
INSERT INTO "sensor_data" VALUES(1026,1436023387400,1,28.5);
INSERT INTO "sensor_data" VALUES(1027,1436023507295,1,28.6);
INSERT INTO "sensor_data" VALUES(1028,1436026228115,1,29.7);
INSERT INTO "sensor_data" VALUES(1029,1436026295546,1,29.5);
INSERT INTO "sensor_data" VALUES(1030,1436026328656,1,29.6);
INSERT INTO "sensor_data" VALUES(1031,1436026406226,1,29.4);
INSERT INTO "sensor_data" VALUES(1032,1436026447276,1,29.5);
INSERT INTO "sensor_data" VALUES(1033,1436026567181,1,29.6);
INSERT INTO "sensor_data" VALUES(1034,1436026687181,1,29.4);
INSERT INTO "sensor_data" VALUES(1035,1436026796785,1,29.3);
INSERT INTO "sensor_data" VALUES(1036,1436026916691,1,29.4);
INSERT INTO "sensor_data" VALUES(1037,1436027036701,1,29.3);
INSERT INTO "sensor_data" VALUES(1038,1436027156701,1,29.3);
INSERT INTO "sensor_data" VALUES(1039,1436027276701,1,29.4);
INSERT INTO "sensor_data" VALUES(1040,1436027409226,1,29.1);
INSERT INTO "sensor_data" VALUES(1041,1436027529141,1,29.9);
INSERT INTO "sensor_data" VALUES(1042,1436027773947,1,29.4);
INSERT INTO "sensor_data" VALUES(1043,1436027955996,1,29.3);
INSERT INTO "sensor_data" VALUES(1044,1436028075901,1,29.4);
INSERT INTO "sensor_data" VALUES(1045,1436028116946,1,29.4);
INSERT INTO "sensor_data" VALUES(1046,1436028236861,1,29.4);
INSERT INTO "sensor_data" VALUES(1047,1436028330924,1,29.4);
INSERT INTO "sensor_data" VALUES(1048,1436028450791,1,29.3);
INSERT INTO "sensor_data" VALUES(1049,1436028570791,1,29.4);
INSERT INTO "sensor_data" VALUES(1050,1436028690801,1,29.3);
INSERT INTO "sensor_data" VALUES(1051,1436028810801,1,29.4);
INSERT INTO "sensor_data" VALUES(1052,1436028930801,1,29.3);
INSERT INTO "sensor_data" VALUES(1053,1436029050801,1,29.1);
INSERT INTO "sensor_data" VALUES(1054,1436029156845,1,29.3);
INSERT INTO "sensor_data" VALUES(1055,1436029251806,1,29.2);
INSERT INTO "sensor_data" VALUES(1056,1436029377656,1,29.1);
INSERT INTO "sensor_data" VALUES(1057,1436029498391,1,29.3);
INSERT INTO "sensor_data" VALUES(1058,1436029617571,1,28.9);
INSERT INTO "sensor_data" VALUES(1059,1436029737571,1,28.6);
INSERT INTO "sensor_data" VALUES(1060,1436029857581,1,28.9);
INSERT INTO "sensor_data" VALUES(1061,1436029901732,1,28.9);
INSERT INTO "sensor_data" VALUES(1062,1436029962966,1,28.8);
INSERT INTO "sensor_data" VALUES(1063,1436030035282,1,28.9);
INSERT INTO "sensor_data" VALUES(1064,1436030154752,1,29.1);
INSERT INTO "sensor_data" VALUES(1065,1436030246586,1,28.8);
INSERT INTO "sensor_data" VALUES(1066,1436030366491,1,28.9);
INSERT INTO "sensor_data" VALUES(1067,1436030486491,1,29.1);
INSERT INTO "sensor_data" VALUES(1068,1436030606491,1,29.1);
INSERT INTO "sensor_data" VALUES(1069,1436030726501,1,29.3);
INSERT INTO "sensor_data" VALUES(1070,1436030846504,1,29.3);
INSERT INTO "sensor_data" VALUES(1071,1436030871965,1,29.3);
INSERT INTO "sensor_data" VALUES(1072,1436030991881,1,29.2);
INSERT INTO "sensor_data" VALUES(1073,1436031030436,1,29.1);
INSERT INTO "sensor_data" VALUES(1074,1436031150341,1,29.2);
INSERT INTO "sensor_data" VALUES(1075,1436031270362,1,29.2);
INSERT INTO "sensor_data" VALUES(1076,1436031391031,1,29.2);
INSERT INTO "sensor_data" VALUES(1077,1436031510381,1,29.1);
INSERT INTO "sensor_data" VALUES(1078,1436031630356,1,29.1);
INSERT INTO "sensor_data" VALUES(1079,1436031726656,1,29.0);
INSERT INTO "sensor_data" VALUES(1080,1436031821065,1,28.9);
INSERT INTO "sensor_data" VALUES(1081,1436031940982,1,29.0);
INSERT INTO "sensor_data" VALUES(1082,1436032061011,1,28.9);
INSERT INTO "sensor_data" VALUES(1083,1436032180991,1,28.9);
INSERT INTO "sensor_data" VALUES(1084,1436032300991,1,29.1);
INSERT INTO "sensor_data" VALUES(1085,1436032420992,1,28.9);
INSERT INTO "sensor_data" VALUES(1086,1436032540991,1,28.9);
INSERT INTO "sensor_data" VALUES(1087,1436032660992,1,28.9);
INSERT INTO "sensor_data" VALUES(1088,1436032781001,1,28.9);
INSERT INTO "sensor_data" VALUES(1089,1436032901001,1,28.9);
INSERT INTO "sensor_data" VALUES(1090,1436033021001,1,28.8);
INSERT INTO "sensor_data" VALUES(1091,1436033141011,1,28.8);
INSERT INTO "sensor_data" VALUES(1092,1436033261001,1,28.8);
INSERT INTO "sensor_data" VALUES(1093,1436033381841,1,28.7);
INSERT INTO "sensor_data" VALUES(1094,1436033501021,1,28.7);
INSERT INTO "sensor_data" VALUES(1095,1436033621011,1,28.6);
INSERT INTO "sensor_data" VALUES(1096,1436033741021,1,28.5);
INSERT INTO "sensor_data" VALUES(1097,1436033861061,1,28.6);
INSERT INTO "sensor_data" VALUES(1098,1436033981021,1,28.6);
INSERT INTO "sensor_data" VALUES(1099,1436034101021,1,28.5);
INSERT INTO "sensor_data" VALUES(1100,1436034221021,1,28.4);
INSERT INTO "sensor_data" VALUES(1101,1436034341021,1,28.4);
INSERT INTO "sensor_data" VALUES(1102,1436034461021,1,28.3);
INSERT INTO "sensor_data" VALUES(1103,1436034581021,1,28.3);
INSERT INTO "sensor_data" VALUES(1104,1436034701441,1,28.4);
INSERT INTO "sensor_data" VALUES(1105,1436034730676,1,28.3);
INSERT INTO "sensor_data" VALUES(1106,1436034797666,1,28.2);
INSERT INTO "sensor_data" VALUES(1107,1436034917571,1,28.3);
INSERT INTO "sensor_data" VALUES(1108,1436034979328,1,28.3);
INSERT INTO "sensor_data" VALUES(1109,1436035098701,1,28.4);
INSERT INTO "sensor_data" VALUES(1110,1436035218701,1,28.4);
INSERT INTO "sensor_data" VALUES(1111,1436035338711,1,28.4);
INSERT INTO "sensor_data" VALUES(1112,1436035458711,1,28.4);
INSERT INTO "sensor_data" VALUES(1113,1436035578931,1,28.4);
INSERT INTO "sensor_data" VALUES(1114,1436035649586,1,28.3);
INSERT INTO "sensor_data" VALUES(1115,1436035768811,1,28.3);
INSERT INTO "sensor_data" VALUES(1116,1436035888812,1,28.4);
INSERT INTO "sensor_data" VALUES(1117,1436036008811,1,28.4);
INSERT INTO "sensor_data" VALUES(1118,1436036128811,1,28.4);
INSERT INTO "sensor_data" VALUES(1119,1436036241498,1,28.3);
INSERT INTO "sensor_data" VALUES(1120,1436036360841,1,28.3);
INSERT INTO "sensor_data" VALUES(1121,1436036497934,1,28.3);
INSERT INTO "sensor_data" VALUES(1122,1436036617281,1,28.4);
INSERT INTO "sensor_data" VALUES(1123,1436036737282,1,28.4);
INSERT INTO "sensor_data" VALUES(1124,1436036857281,1,28.3);
INSERT INTO "sensor_data" VALUES(1125,1436036950089,1,28.3);
INSERT INTO "sensor_data" VALUES(1126,1436037069801,1,28.3);
INSERT INTO "sensor_data" VALUES(1127,1436037189811,1,28.2);
INSERT INTO "sensor_data" VALUES(1128,1436037238785,1,28.2);
INSERT INTO "sensor_data" VALUES(1129,1436037275146,1,28.3);
INSERT INTO "sensor_data" VALUES(1130,1436037350576,1,28.3);
INSERT INTO "sensor_data" VALUES(1131,1436037456926,1,28.2);
INSERT INTO "sensor_data" VALUES(1132,1436037576841,1,28.3);
INSERT INTO "sensor_data" VALUES(1133,1436037696841,1,28.3);
INSERT INTO "sensor_data" VALUES(1134,1436037816841,1,28.3);
INSERT INTO "sensor_data" VALUES(1135,1436037936855,1,28.2);
INSERT INTO "sensor_data" VALUES(1136,1436038056841,1,28.2);
INSERT INTO "sensor_data" VALUES(1137,1436038176841,1,28.2);
INSERT INTO "sensor_data" VALUES(1138,1436038296861,1,28.3);
INSERT INTO "sensor_data" VALUES(1139,1436038416851,1,28.1);
INSERT INTO "sensor_data" VALUES(1140,1436038536882,1,28.1);
INSERT INTO "sensor_data" VALUES(1141,1436038656851,1,28.1);
INSERT INTO "sensor_data" VALUES(1142,1436038776868,1,27.9);
INSERT INTO "sensor_data" VALUES(1143,1436038896872,1,27.8);
INSERT INTO "sensor_data" VALUES(1144,1436039016871,1,27.8);
INSERT INTO "sensor_data" VALUES(1145,1436039136931,1,27.6);
INSERT INTO "sensor_data" VALUES(1146,1436039256871,1,27.8);
INSERT INTO "sensor_data" VALUES(1147,1436039376881,1,27.9);
INSERT INTO "sensor_data" VALUES(1148,1436039496881,1,27.9);
INSERT INTO "sensor_data" VALUES(1149,1436039616884,1,27.9);
INSERT INTO "sensor_data" VALUES(1150,1436039736891,1,27.9);
INSERT INTO "sensor_data" VALUES(1151,1436039856901,1,27.8);
INSERT INTO "sensor_data" VALUES(1152,1436039976892,1,27.9);
INSERT INTO "sensor_data" VALUES(1153,1436040096891,1,27.8);
INSERT INTO "sensor_data" VALUES(1154,1436040216901,1,27.8);
INSERT INTO "sensor_data" VALUES(1155,1436040315696,1,27.7);
INSERT INTO "sensor_data" VALUES(1156,1436040417185,1,27.5);
INSERT INTO "sensor_data" VALUES(1157,1436040453656,1,27.5);
INSERT INTO "sensor_data" VALUES(1158,1436040515796,1,27.5);
INSERT INTO "sensor_data" VALUES(1159,1436040546576,1,27.6);
INSERT INTO "sensor_data" VALUES(1160,1436040639558,1,27.5);
INSERT INTO "sensor_data" VALUES(1161,1436040705166,1,27.5);
INSERT INTO "sensor_data" VALUES(1162,1436040825175,1,27.5);
INSERT INTO "sensor_data" VALUES(1163,1436040993841,1,27.5);
INSERT INTO "sensor_data" VALUES(1164,1436041032606,1,27.5);
INSERT INTO "sensor_data" VALUES(1165,1436041081468,1,27.5);
INSERT INTO "sensor_data" VALUES(1166,1436041116937,1,27.5);
INSERT INTO "sensor_data" VALUES(1167,1436041213935,1,27.5);
INSERT INTO "sensor_data" VALUES(1168,1436041333841,1,27.6);
INSERT INTO "sensor_data" VALUES(1169,1436041439196,1,27.6);
INSERT INTO "sensor_data" VALUES(1170,1436041559101,1,27.6);
INSERT INTO "sensor_data" VALUES(1171,1436041578196,1,27.5);
INSERT INTO "sensor_data" VALUES(1172,1436041698101,1,27.6);
INSERT INTO "sensor_data" VALUES(1173,1436042090266,1,27.4);
INSERT INTO "sensor_data" VALUES(1174,1436042210185,1,27.5);
INSERT INTO "sensor_data" VALUES(1175,1436042330181,1,27.5);
INSERT INTO "sensor_data" VALUES(1176,1436042404495,1,27.4);
INSERT INTO "sensor_data" VALUES(1177,1436042524401,1,27.5);
INSERT INTO "sensor_data" VALUES(1178,1436042644411,1,27.4);
INSERT INTO "sensor_data" VALUES(1179,1436042764471,1,27.4);
INSERT INTO "sensor_data" VALUES(1180,1436042852186,1,27.4);
INSERT INTO "sensor_data" VALUES(1181,1436042972091,1,27.4);
INSERT INTO "sensor_data" VALUES(1182,1436043092101,1,27.4);
INSERT INTO "sensor_data" VALUES(1183,1436043212101,1,27.4);
INSERT INTO "sensor_data" VALUES(1184,1436043332101,1,27.4);
INSERT INTO "sensor_data" VALUES(1185,1436043452101,1,27.4);
INSERT INTO "sensor_data" VALUES(1186,1436043572101,1,27.4);
INSERT INTO "sensor_data" VALUES(1187,1436043692101,1,27.4);
INSERT INTO "sensor_data" VALUES(1188,1436043812111,1,27.4);
INSERT INTO "sensor_data" VALUES(1189,1436043932111,1,27.4);
INSERT INTO "sensor_data" VALUES(1190,1436044052121,1,27.4);
INSERT INTO "sensor_data" VALUES(1191,1436044172931,1,27.4);
INSERT INTO "sensor_data" VALUES(1192,1436044292131,1,27.4);
INSERT INTO "sensor_data" VALUES(1193,1436044412121,1,27.4);
INSERT INTO "sensor_data" VALUES(1194,1436044532121,1,27.4);
INSERT INTO "sensor_data" VALUES(1195,1436044609065,1,27.4);
INSERT INTO "sensor_data" VALUES(1196,1436044658055,1,27.3);
INSERT INTO "sensor_data" VALUES(1197,1436044777971,1,27.3);
INSERT INTO "sensor_data" VALUES(1198,1436044821386,1,27.3);
INSERT INTO "sensor_data" VALUES(1199,1436044942121,1,27.3);
INSERT INTO "sensor_data" VALUES(1200,1436045061301,1,27.3);
INSERT INTO "sensor_data" VALUES(1201,1436045181311,1,27.3);
INSERT INTO "sensor_data" VALUES(1202,1436045301311,1,27.3);
INSERT INTO "sensor_data" VALUES(1203,1436045483306,1,27.2);
INSERT INTO "sensor_data" VALUES(1204,1436045615846,1,27.3);
INSERT INTO "sensor_data" VALUES(1205,1436045705675,1,27.2);
INSERT INTO "sensor_data" VALUES(1206,1436045775503,1,27.2);
INSERT INTO "sensor_data" VALUES(1207,1436045896296,1,27.3);
INSERT INTO "sensor_data" VALUES(1208,1436046008572,1,27.3);
INSERT INTO "sensor_data" VALUES(1209,1436046091015,1,27.3);
INSERT INTO "sensor_data" VALUES(1210,1436046125145,1,27.2);
INSERT INTO "sensor_data" VALUES(1211,1436046227655,1,27.2);
INSERT INTO "sensor_data" VALUES(1212,1436046349255,1,27.2);
INSERT INTO "sensor_data" VALUES(1213,1436046469275,1,27.1);
INSERT INTO "sensor_data" VALUES(1214,1436046589281,1,27.1);
INSERT INTO "sensor_data" VALUES(1215,1436046709291,1,27.1);
INSERT INTO "sensor_data" VALUES(1216,1436046829291,1,27.1);
INSERT INTO "sensor_data" VALUES(1217,1436046959106,1,27.1);
INSERT INTO "sensor_data" VALUES(1218,1436047079055,1,27.1);
INSERT INTO "sensor_data" VALUES(1219,1436047199131,1,27.0);
INSERT INTO "sensor_data" VALUES(1220,1436047318636,1,27.0);
INSERT INTO "sensor_data" VALUES(1221,1436047438551,1,27.1);
INSERT INTO "sensor_data" VALUES(1222,1436047558551,1,27.1);
INSERT INTO "sensor_data" VALUES(1223,1436047678561,1,27.1);
INSERT INTO "sensor_data" VALUES(1224,1436047798561,1,27.1);
INSERT INTO "sensor_data" VALUES(1225,1436047918561,1,27.1);
INSERT INTO "sensor_data" VALUES(1226,1436048041657,1,27.0);
INSERT INTO "sensor_data" VALUES(1227,1436048160911,1,27.0);
INSERT INTO "sensor_data" VALUES(1228,1436048280941,1,27.0);
INSERT INTO "sensor_data" VALUES(1229,1436048311816,1,27.0);
INSERT INTO "sensor_data" VALUES(1230,1436048411216,1,27.0);
INSERT INTO "sensor_data" VALUES(1231,1436048531131,1,27.0);
INSERT INTO "sensor_data" VALUES(1232,1436048552874,1,27.0);
INSERT INTO "sensor_data" VALUES(1233,1436048672612,1,27.0);
INSERT INTO "sensor_data" VALUES(1234,1436048703385,1,27.0);
INSERT INTO "sensor_data" VALUES(1235,1436048811198,1,27.0);
INSERT INTO "sensor_data" VALUES(1236,1436048931112,1,27.0);
INSERT INTO "sensor_data" VALUES(1237,1436048985176,1,27.0);
INSERT INTO "sensor_data" VALUES(1238,1436049040240,1,27.0);
INSERT INTO "sensor_data" VALUES(1239,1436049142736,1,26.9);
INSERT INTO "sensor_data" VALUES(1240,1436049255446,1,26.9);
INSERT INTO "sensor_data" VALUES(1241,1436049353490,1,27.0);
INSERT INTO "sensor_data" VALUES(1242,1436049473421,1,26.9);
INSERT INTO "sensor_data" VALUES(1243,1436049583479,1,26.9);
INSERT INTO "sensor_data" VALUES(1244,1436049655894,1,26.9);
INSERT INTO "sensor_data" VALUES(1245,1436049744987,1,26.9);
INSERT INTO "sensor_data" VALUES(1246,1436049835644,1,27.0);
INSERT INTO "sensor_data" VALUES(1247,1436049954981,1,26.9);
INSERT INTO "sensor_data" VALUES(1248,1436049993347,1,26.9);
INSERT INTO "sensor_data" VALUES(1249,1436050035146,1,26.9);
INSERT INTO "sensor_data" VALUES(1250,1436050118196,1,26.9);
INSERT INTO "sensor_data" VALUES(1251,1436050238206,1,27.0);
INSERT INTO "sensor_data" VALUES(1252,1436050358231,1,26.9);
INSERT INTO "sensor_data" VALUES(1253,1436050411967,1,26.9);
INSERT INTO "sensor_data" VALUES(1254,1436050459816,1,27.0);
INSERT INTO "sensor_data" VALUES(1255,1436050579795,1,26.9);
INSERT INTO "sensor_data" VALUES(1256,1436050699901,1,26.9);
INSERT INTO "sensor_data" VALUES(1257,1436050820011,1,26.8);
INSERT INTO "sensor_data" VALUES(1258,1436050932026,1,27.0);
INSERT INTO "sensor_data" VALUES(1259,1436050963026,1,27.0);
INSERT INTO "sensor_data" VALUES(1260,1436051045995,1,27.1);
INSERT INTO "sensor_data" VALUES(1261,1436051096950,1,27.1);
INSERT INTO "sensor_data" VALUES(1262,1436051142846,1,27.1);
INSERT INTO "sensor_data" VALUES(1263,1436051204405,1,27.1);
INSERT INTO "sensor_data" VALUES(1264,1436051497706,1,27.1);
INSERT INTO "sensor_data" VALUES(1265,1436051567515,1,27.1);
INSERT INTO "sensor_data" VALUES(1266,1436051687421,1,27.2);
INSERT INTO "sensor_data" VALUES(1267,1436051738346,1,27.1);
INSERT INTO "sensor_data" VALUES(1268,1436051798416,1,27.1);
INSERT INTO "sensor_data" VALUES(1269,1436051895885,1,27.1);
INSERT INTO "sensor_data" VALUES(1270,1436052022142,1,27.1);
INSERT INTO "sensor_data" VALUES(1271,1436052089645,1,27.2);
INSERT INTO "sensor_data" VALUES(1272,1436052209531,1,27.1);
INSERT INTO "sensor_data" VALUES(1273,1436052329541,1,27.1);
INSERT INTO "sensor_data" VALUES(1274,1436052430605,1,27.1);
INSERT INTO "sensor_data" VALUES(1275,1436052542532,1,27.1);
INSERT INTO "sensor_data" VALUES(1276,1436052598255,1,27.1);
INSERT INTO "sensor_data" VALUES(1277,1436052718191,1,27.1);
INSERT INTO "sensor_data" VALUES(1278,1436052838171,1,27.2);
INSERT INTO "sensor_data" VALUES(1279,1436052958171,1,27.1);
INSERT INTO "sensor_data" VALUES(1280,1436053078171,1,27.1);
INSERT INTO "sensor_data" VALUES(1281,1436053198171,1,27.1);
INSERT INTO "sensor_data" VALUES(1282,1436053318171,1,27.1);
INSERT INTO "sensor_data" VALUES(1283,1436053444007,1,27.1);
INSERT INTO "sensor_data" VALUES(1284,1436053504516,1,27.0);
INSERT INTO "sensor_data" VALUES(1285,1436053571606,1,26.9);
INSERT INTO "sensor_data" VALUES(1286,1436053604713,1,27.0);
INSERT INTO "sensor_data" VALUES(1287,1436053655235,1,26.9);
INSERT INTO "sensor_data" VALUES(1288,1436053703826,1,26.8);
INSERT INTO "sensor_data" VALUES(1289,1436053823731,1,26.8);
INSERT INTO "sensor_data" VALUES(1290,1436053884895,1,26.8);
INSERT INTO "sensor_data" VALUES(1291,1436054004811,1,26.8);
INSERT INTO "sensor_data" VALUES(1292,1436054124811,1,26.9);
INSERT INTO "sensor_data" VALUES(1293,1436054244821,1,26.9);
INSERT INTO "sensor_data" VALUES(1294,1436054364821,1,26.9);
INSERT INTO "sensor_data" VALUES(1295,1436054484821,1,27.0);
INSERT INTO "sensor_data" VALUES(1296,1436054611786,1,26.9);
INSERT INTO "sensor_data" VALUES(1297,1436054730810,1,26.9);
INSERT INTO "sensor_data" VALUES(1298,1436054850691,1,26.9);
INSERT INTO "sensor_data" VALUES(1299,1436054896746,1,26.9);
INSERT INTO "sensor_data" VALUES(1300,1436055020984,1,26.9);
INSERT INTO "sensor_data" VALUES(1301,1436055152057,1,26.8);
INSERT INTO "sensor_data" VALUES(1302,1436055271961,1,26.9);
INSERT INTO "sensor_data" VALUES(1303,1436055391971,1,27.0);
INSERT INTO "sensor_data" VALUES(1304,1436055511971,1,27.0);
INSERT INTO "sensor_data" VALUES(1305,1436055631981,1,27.1);
INSERT INTO "sensor_data" VALUES(1306,1436055751981,1,27.0);
INSERT INTO "sensor_data" VALUES(1307,1436055871981,1,27.0);
INSERT INTO "sensor_data" VALUES(1308,1436055991981,1,26.9);
INSERT INTO "sensor_data" VALUES(1309,1436056111991,1,26.8);
INSERT INTO "sensor_data" VALUES(1310,1436056231991,1,26.8);
INSERT INTO "sensor_data" VALUES(1311,1436056352001,1,26.6);
INSERT INTO "sensor_data" VALUES(1312,1436056472001,1,26.6);
INSERT INTO "sensor_data" VALUES(1313,1436056592001,1,26.6);
INSERT INTO "sensor_data" VALUES(1314,1436056712011,1,26.5);
INSERT INTO "sensor_data" VALUES(1315,1436056832011,1,26.5);
INSERT INTO "sensor_data" VALUES(1316,1436056952021,1,26.4);
INSERT INTO "sensor_data" VALUES(1317,1436057072021,1,26.4);
INSERT INTO "sensor_data" VALUES(1318,1436057192101,1,26.3);
INSERT INTO "sensor_data" VALUES(1319,1436057312031,1,26.3);
INSERT INTO "sensor_data" VALUES(1320,1436057432031,1,26.3);
INSERT INTO "sensor_data" VALUES(1321,1436057552031,1,26.2);
INSERT INTO "sensor_data" VALUES(1322,1436057672031,1,26.2);
INSERT INTO "sensor_data" VALUES(1323,1436057792032,1,26.2);
INSERT INTO "sensor_data" VALUES(1324,1436057912041,1,26.1);
INSERT INTO "sensor_data" VALUES(1325,1436058032041,1,26.1);
INSERT INTO "sensor_data" VALUES(1326,1436058152041,1,26.1);
INSERT INTO "sensor_data" VALUES(1327,1436058272911,1,26.0);
INSERT INTO "sensor_data" VALUES(1328,1436058392051,1,26.0);
INSERT INTO "sensor_data" VALUES(1329,1436058512051,1,25.9);
INSERT INTO "sensor_data" VALUES(1330,1436058632051,1,25.9);
INSERT INTO "sensor_data" VALUES(1331,1436058752051,1,25.9);
INSERT INTO "sensor_data" VALUES(1332,1436058872061,1,25.9);
INSERT INTO "sensor_data" VALUES(1333,1436058992061,1,25.9);
INSERT INTO "sensor_data" VALUES(1334,1436059112061,1,25.8);
INSERT INTO "sensor_data" VALUES(1335,1436059232061,1,25.6);
INSERT INTO "sensor_data" VALUES(1336,1436059352071,1,25.7);
INSERT INTO "sensor_data" VALUES(1337,1436059472071,1,25.6);
INSERT INTO "sensor_data" VALUES(1338,1436059592071,1,25.6);
INSERT INTO "sensor_data" VALUES(1339,1436059712071,1,25.5);
INSERT INTO "sensor_data" VALUES(1340,1436059832081,1,25.4);
INSERT INTO "sensor_data" VALUES(1341,1436059952081,1,25.4);
INSERT INTO "sensor_data" VALUES(1342,1436060072081,1,25.4);
INSERT INTO "sensor_data" VALUES(1343,1436060192091,1,25.4);
INSERT INTO "sensor_data" VALUES(1344,1436060312091,1,25.3);
INSERT INTO "sensor_data" VALUES(1345,1436060432091,1,25.3);
INSERT INTO "sensor_data" VALUES(1346,1436060552091,1,25.3);
INSERT INTO "sensor_data" VALUES(1347,1436060672091,1,25.2);
INSERT INTO "sensor_data" VALUES(1348,1436060792091,1,25.1);
INSERT INTO "sensor_data" VALUES(1349,1436060912101,1,25.1);
INSERT INTO "sensor_data" VALUES(1350,1436061032101,1,25.1);
INSERT INTO "sensor_data" VALUES(1351,1436061152101,1,25.1);
INSERT INTO "sensor_data" VALUES(1352,1436061272101,1,25.0);
INSERT INTO "sensor_data" VALUES(1353,1436061392101,1,24.9);
INSERT INTO "sensor_data" VALUES(1354,1436061512111,1,24.9);
INSERT INTO "sensor_data" VALUES(1355,1436061632111,1,24.9);
INSERT INTO "sensor_data" VALUES(1356,1436061752111,1,24.9);
INSERT INTO "sensor_data" VALUES(1357,1436061872111,1,24.8);
INSERT INTO "sensor_data" VALUES(1358,1436061992131,1,24.9);
INSERT INTO "sensor_data" VALUES(1359,1436062112151,1,24.9);
INSERT INTO "sensor_data" VALUES(1360,1436062232251,1,24.9);
INSERT INTO "sensor_data" VALUES(1361,1436062352351,1,24.8);
INSERT INTO "sensor_data" VALUES(1362,1436062472451,1,24.8);
INSERT INTO "sensor_data" VALUES(1363,1436062592551,1,24.7);
INSERT INTO "sensor_data" VALUES(1364,1436062712721,1,24.8);
INSERT INTO "sensor_data" VALUES(1365,1436062832741,1,24.8);
INSERT INTO "sensor_data" VALUES(1366,1436062952841,1,24.8);
INSERT INTO "sensor_data" VALUES(1367,1436063072941,1,24.7);
INSERT INTO "sensor_data" VALUES(1368,1436063193061,1,24.6);
INSERT INTO "sensor_data" VALUES(1369,1436063313171,1,24.6);
INSERT INTO "sensor_data" VALUES(1370,1436063433281,1,24.6);
INSERT INTO "sensor_data" VALUES(1371,1436063553381,1,24.5);
INSERT INTO "sensor_data" VALUES(1372,1436063673501,1,24.5);
INSERT INTO "sensor_data" VALUES(1373,1436063792887,1,24.5);
INSERT INTO "sensor_data" VALUES(1374,1436063913005,1,24.4);
INSERT INTO "sensor_data" VALUES(1375,1436064032276,1,24.4);
INSERT INTO "sensor_data" VALUES(1376,1436064152375,1,24.4);
INSERT INTO "sensor_data" VALUES(1377,1436064272503,1,24.4);
INSERT INTO "sensor_data" VALUES(1378,1436064393403,1,24.3);
INSERT INTO "sensor_data" VALUES(1379,1436064513677,1,24.3);
INSERT INTO "sensor_data" VALUES(1380,1436064633813,1,24.3);
INSERT INTO "sensor_data" VALUES(1381,1436064752171,1,24.3);
INSERT INTO "sensor_data" VALUES(1382,1436064872172,1,24.3);
INSERT INTO "sensor_data" VALUES(1383,1436064992181,1,24.2);
INSERT INTO "sensor_data" VALUES(1384,1436065112181,1,24.2);
INSERT INTO "sensor_data" VALUES(1385,1436065232191,1,24.2);
INSERT INTO "sensor_data" VALUES(1386,1436065352191,1,24.2);
INSERT INTO "sensor_data" VALUES(1387,1436065472201,1,24.0);
INSERT INTO "sensor_data" VALUES(1388,1436065592201,1,24.1);
INSERT INTO "sensor_data" VALUES(1389,1436065712201,1,24.2);
INSERT INTO "sensor_data" VALUES(1390,1436065832211,1,24.2);
INSERT INTO "sensor_data" VALUES(1391,1436065952211,1,24.1);
INSERT INTO "sensor_data" VALUES(1392,1436066072211,1,24.1);
INSERT INTO "sensor_data" VALUES(1393,1436066192211,1,24.1);
INSERT INTO "sensor_data" VALUES(1394,1436066312221,1,24.1);
INSERT INTO "sensor_data" VALUES(1395,1436066432221,1,24.1);
INSERT INTO "sensor_data" VALUES(1396,1436066552221,1,24.1);
INSERT INTO "sensor_data" VALUES(1397,1436066672221,1,23.9);
INSERT INTO "sensor_data" VALUES(1398,1436066792231,1,23.9);
INSERT INTO "sensor_data" VALUES(1399,1436066912311,1,24.1);
INSERT INTO "sensor_data" VALUES(1400,1436067032511,1,24.1);
INSERT INTO "sensor_data" VALUES(1401,1436067152701,1,24.1);
INSERT INTO "sensor_data" VALUES(1402,1436067272901,1,24.1);
INSERT INTO "sensor_data" VALUES(1403,1436067393101,1,24.1);
INSERT INTO "sensor_data" VALUES(1404,1436067513301,1,24.1);
INSERT INTO "sensor_data" VALUES(1405,1436067634311,1,24.1);
INSERT INTO "sensor_data" VALUES(1406,1436067753681,1,24.1);
INSERT INTO "sensor_data" VALUES(1407,1436067873882,1,24.1);
INSERT INTO "sensor_data" VALUES(1408,1436067993403,1,24.1);
INSERT INTO "sensor_data" VALUES(1409,1436068113442,1,24.1);
INSERT INTO "sensor_data" VALUES(1410,1436068233642,1,24.2);
INSERT INTO "sensor_data" VALUES(1411,1436068353833,1,24.2);
INSERT INTO "sensor_data" VALUES(1412,1436068472261,1,24.1);
INSERT INTO "sensor_data" VALUES(1413,1436068592271,1,24.2);
INSERT INTO "sensor_data" VALUES(1414,1436068712271,1,24.2);
INSERT INTO "sensor_data" VALUES(1415,1436068832281,1,24.3);
INSERT INTO "sensor_data" VALUES(1416,1436068952281,1,24.3);
INSERT INTO "sensor_data" VALUES(1417,1436069072281,1,24.3);
INSERT INTO "sensor_data" VALUES(1418,1436069192291,1,24.3);
INSERT INTO "sensor_data" VALUES(1419,1436069312292,1,24.4);
INSERT INTO "sensor_data" VALUES(1420,1436069432301,1,24.4);
INSERT INTO "sensor_data" VALUES(1421,1436069552301,1,24.4);
INSERT INTO "sensor_data" VALUES(1422,1436069672301,1,24.5);
INSERT INTO "sensor_data" VALUES(1423,1436069792311,1,24.5);
INSERT INTO "sensor_data" VALUES(1424,1436069912311,1,24.5);
INSERT INTO "sensor_data" VALUES(1425,1436070032311,1,24.6);
INSERT INTO "sensor_data" VALUES(1426,1436070152311,1,24.6);
INSERT INTO "sensor_data" VALUES(1427,1436070272321,1,24.6);
INSERT INTO "sensor_data" VALUES(1428,1436070392321,1,24.6);
INSERT INTO "sensor_data" VALUES(1429,1436070512321,1,24.7);
INSERT INTO "sensor_data" VALUES(1430,1436070632321,1,24.7);
INSERT INTO "sensor_data" VALUES(1431,1436070752512,1,24.7);
INSERT INTO "sensor_data" VALUES(1432,1436080589889,1,26.3);
INSERT INTO "sensor_data" VALUES(1433,1436087154636,1,27.3);
INSERT INTO "sensor_data" VALUES(1434,1436087275411,1,27.3);
INSERT INTO "sensor_data" VALUES(1435,1436087394551,1,27.4);
INSERT INTO "sensor_data" VALUES(1436,1436087514551,1,27.4);
INSERT INTO "sensor_data" VALUES(1437,1436087634551,1,27.4);
INSERT INTO "sensor_data" VALUES(1438,1436087754551,1,27.4);
INSERT INTO "sensor_data" VALUES(1439,1436087874551,1,27.4);
INSERT INTO "sensor_data" VALUES(1440,1436087994561,1,27.5);
INSERT INTO "sensor_data" VALUES(1441,1436088114561,1,27.5);
INSERT INTO "sensor_data" VALUES(1442,1436088234561,1,27.5);
INSERT INTO "sensor_data" VALUES(1443,1436088354561,1,27.6);
INSERT INTO "sensor_data" VALUES(1444,1436088474561,1,27.6);
INSERT INTO "sensor_data" VALUES(1445,1436091489347,1,27.7);
INSERT INTO "sensor_data" VALUES(1446,1436091609247,1,27.8);
INSERT INTO "sensor_data" VALUES(1447,1436091729257,1,27.8);
INSERT INTO "sensor_data" VALUES(1448,1436091849257,1,27.9);
INSERT INTO "sensor_data" VALUES(1449,1436091969263,1,27.9);
INSERT INTO "sensor_data" VALUES(1450,1436254649151,1,28.1);
INSERT INTO "sensor_data" VALUES(1451,1436254769151,1,28.1);
INSERT INTO "sensor_data" VALUES(1452,1436254889151,1,28.3);
INSERT INTO "sensor_data" VALUES(1453,1436255009211,1,28.3);
INSERT INTO "sensor_data" VALUES(1454,1436255129161,1,28.3);
INSERT INTO "sensor_data" VALUES(1455,1436255249391,1,28.4);
INSERT INTO "sensor_data" VALUES(1456,1436255369431,1,28.4);
INSERT INTO "sensor_data" VALUES(1457,1436255489471,1,28.4);
INSERT INTO "sensor_data" VALUES(1458,1436255609481,1,28.4);
INSERT INTO "sensor_data" VALUES(1459,1436255729511,1,28.6);
INSERT INTO "sensor_data" VALUES(1460,1436255849541,1,28.6);
INSERT INTO "sensor_data" VALUES(1461,1436255969351,1,28.8);
INSERT INTO "sensor_data" VALUES(1462,1436256089401,1,28.8);
INSERT INTO "sensor_data" VALUES(1463,1436256209451,1,28.6);
INSERT INTO "sensor_data" VALUES(1464,1436256329491,1,28.7);
INSERT INTO "sensor_data" VALUES(1465,1436256345526,1,28.6);
INSERT INTO "sensor_data" VALUES(1466,1436256400356,1,28.4);
INSERT INTO "sensor_data" VALUES(1467,1436256520261,1,28.4);
INSERT INTO "sensor_data" VALUES(1468,1436256640261,1,28.4);
INSERT INTO "sensor_data" VALUES(1469,1436256760397,1,28.4);
INSERT INTO "sensor_data" VALUES(1470,1436256880271,1,28.6);
INSERT INTO "sensor_data" VALUES(1471,1436257000271,1,28.7);
INSERT INTO "sensor_data" VALUES(1472,1436257120291,1,28.6);
INSERT INTO "sensor_data" VALUES(1473,1436257240291,1,28.7);
INSERT INTO "sensor_data" VALUES(1474,1436257360271,1,28.8);
INSERT INTO "sensor_data" VALUES(1475,1436257480271,1,28.8);
INSERT INTO "sensor_data" VALUES(1476,1436257600431,1,28.8);
INSERT INTO "sensor_data" VALUES(1477,1436257720467,1,28.8);
INSERT INTO "sensor_data" VALUES(1478,1436258005905,1,28.1);
INSERT INTO "sensor_data" VALUES(1479,1436258125812,1,28.2);
INSERT INTO "sensor_data" VALUES(1480,1436258245810,1,28.3);
INSERT INTO "sensor_data" VALUES(1481,1436258365811,1,28.4);
INSERT INTO "sensor_data" VALUES(1482,1436258485810,1,28.6);
INSERT INTO "sensor_data" VALUES(1483,1436289909473,1,26.8125);
INSERT INTO "sensor_data" VALUES(1484,1436290136241,1,26.6);
INSERT INTO "sensor_data" VALUES(1485,1436290208253,1,26.6);
INSERT INTO "sensor_data" VALUES(1486,1436290328157,1,26.8);
INSERT INTO "sensor_data" VALUES(1487,1436290448157,1,26.8);
INSERT INTO "sensor_data" VALUES(1488,1436519808222,1,27.9);
INSERT INTO "sensor_data" VALUES(1489,1436519875502,1,27.9);
INSERT INTO "sensor_data" VALUES(1490,1436519995520,1,28.0);
INSERT INTO "sensor_data" VALUES(1491,1436520019052,1,27.9);
INSERT INTO "sensor_data" VALUES(1492,1436520139070,1,28.0);
INSERT INTO "sensor_data" VALUES(1493,1436520164622,1,28.0);
INSERT INTO "sensor_data" VALUES(1494,1436520185522,1,28.0);
INSERT INTO "sensor_data" VALUES(1495,1436520225827,1,28.1);
INSERT INTO "sensor_data" VALUES(1496,1436520345810,1,28.1);
INSERT INTO "sensor_data" VALUES(1497,1436520465866,1,28.1);
INSERT INTO "sensor_data" VALUES(1498,1436520585966,1,28.3);
INSERT INTO "sensor_data" VALUES(1499,1436520705997,1,28.1);
INSERT INTO "sensor_data" VALUES(1500,1436520826096,1,28.2);
INSERT INTO "sensor_data" VALUES(1501,1436520946146,1,28.3);
INSERT INTO "sensor_data" VALUES(1502,1436521066246,1,28.3);
INSERT INTO "sensor_data" VALUES(1503,1436521099462,1,28.3);
INSERT INTO "sensor_data" VALUES(1504,1436521170602,1,28.3);
INSERT INTO "sensor_data" VALUES(1505,1436521290560,1,28.3);
INSERT INTO "sensor_data" VALUES(1506,1436521410606,1,28.3);
INSERT INTO "sensor_data" VALUES(1507,1436521491302,1,28.3);
INSERT INTO "sensor_data" VALUES(1508,1436521611280,1,28.3);
INSERT INTO "sensor_data" VALUES(1509,1436521731346,1,28.3);
INSERT INTO "sensor_data" VALUES(1510,1436521855762,1,28.3);
INSERT INTO "sensor_data" VALUES(1511,1436521934722,1,28.3);
INSERT INTO "sensor_data" VALUES(1512,1436522054680,1,28.3);
INSERT INTO "sensor_data" VALUES(1513,1436522111722,1,28.4);
INSERT INTO "sensor_data" VALUES(1514,1436522178572,1,28.4);
INSERT INTO "sensor_data" VALUES(1515,1436522225362,1,28.4);
INSERT INTO "sensor_data" VALUES(1516,1436522345310,1,28.4);
INSERT INTO "sensor_data" VALUES(1517,1436522465306,1,28.6);
INSERT INTO "sensor_data" VALUES(1518,1436522585356,1,28.6);
INSERT INTO "sensor_data" VALUES(1519,1436522601272,1,28.6);
INSERT INTO "sensor_data" VALUES(1520,1436522641245,1,28.6);
INSERT INTO "sensor_data" VALUES(1521,1436522737832,1,28.6);
INSERT INTO "sensor_data" VALUES(1522,1436522857770,1,28.8);
INSERT INTO "sensor_data" VALUES(1523,1436522987262,1,28.8);
INSERT INTO "sensor_data" VALUES(1524,1436523107220,1,28.8);
INSERT INTO "sensor_data" VALUES(1525,1436523227306,1,28.8);
INSERT INTO "sensor_data" VALUES(1526,1436523347336,1,28.8);
INSERT INTO "sensor_data" VALUES(1527,1436523467436,1,28.8);
INSERT INTO "sensor_data" VALUES(1528,1436523587486,1,28.8);
INSERT INTO "sensor_data" VALUES(1529,1436523680802,1,28.8);
INSERT INTO "sensor_data" VALUES(1530,1436523800716,1,28.9);
INSERT INTO "sensor_data" VALUES(1531,1436523920726,1,28.9);
INSERT INTO "sensor_data" VALUES(1532,1436524040727,1,28.9);
INSERT INTO "sensor_data" VALUES(1533,1436524160736,1,28.9);
INSERT INTO "sensor_data" VALUES(1534,1436524280736,1,29.0);
INSERT INTO "sensor_data" VALUES(1535,1436524400736,1,28.9);
INSERT INTO "sensor_data" VALUES(1536,1436524520746,1,29.2);
INSERT INTO "sensor_data" VALUES(1537,1436524640746,1,29.3);
INSERT INTO "sensor_data" VALUES(1538,1436524760756,1,29.3);
INSERT INTO "sensor_data" VALUES(1539,1436524880756,1,29.2);
INSERT INTO "sensor_data" VALUES(1540,1436525000756,1,29.2);
INSERT INTO "sensor_data" VALUES(1541,1436525120756,1,29.1);
INSERT INTO "sensor_data" VALUES(1542,1436525240766,1,29.1);
INSERT INTO "sensor_data" VALUES(1543,1436525360766,1,29.1);
INSERT INTO "sensor_data" VALUES(1544,1436525413994,1,29.1);
INSERT INTO "sensor_data" VALUES(1545,1436525451542,1,29.1);
INSERT INTO "sensor_data" VALUES(1546,1436525571480,1,29.1);
INSERT INTO "sensor_data" VALUES(1547,1436525691506,1,29.1);
INSERT INTO "sensor_data" VALUES(1548,1436525811546,1,29.2);
INSERT INTO "sensor_data" VALUES(1549,1436525931616,1,29.3);
INSERT INTO "sensor_data" VALUES(1550,1436526051646,1,29.3);
INSERT INTO "sensor_data" VALUES(1551,1436526171646,1,29.2);
INSERT INTO "sensor_data" VALUES(1552,1436526291706,1,29.2);
INSERT INTO "sensor_data" VALUES(1553,1436526411766,1,29.1);
INSERT INTO "sensor_data" VALUES(1554,1436526457742,1,29.2);
INSERT INTO "sensor_data" VALUES(1555,1436526577690,1,29.2);
INSERT INTO "sensor_data" VALUES(1556,1436526697776,1,29.3);
INSERT INTO "sensor_data" VALUES(1557,1436526770222,1,29.4);
INSERT INTO "sensor_data" VALUES(1558,1436526861102,1,29.3);
INSERT INTO "sensor_data" VALUES(1559,1436526981120,1,29.3);
INSERT INTO "sensor_data" VALUES(1560,1436527101226,1,29.2);
INSERT INTO "sensor_data" VALUES(1561,1436527221296,1,29.3);
INSERT INTO "sensor_data" VALUES(1562,1436527341396,1,29.3);
INSERT INTO "sensor_data" VALUES(1563,1436527461406,1,29.3);
INSERT INTO "sensor_data" VALUES(1564,1436527581506,1,29.3);
INSERT INTO "sensor_data" VALUES(1565,1436527701546,1,29.3);
INSERT INTO "sensor_data" VALUES(1566,1436527821616,1,29.3);
INSERT INTO "sensor_data" VALUES(1567,1436527941706,1,29.3);
INSERT INTO "sensor_data" VALUES(1568,1436528061796,1,29.3);
INSERT INTO "sensor_data" VALUES(1569,1436528181886,1,29.3);
INSERT INTO "sensor_data" VALUES(1570,1436528301916,1,29.3);
INSERT INTO "sensor_data" VALUES(1571,1436528422006,1,29.3);
INSERT INTO "sensor_data" VALUES(1572,1436528542106,1,29.3);
INSERT INTO "sensor_data" VALUES(1573,1436528662206,1,29.3);
INSERT INTO "sensor_data" VALUES(1574,1436528782296,1,29.3);
INSERT INTO "sensor_data" VALUES(1575,1436528902356,1,29.3);
INSERT INTO "sensor_data" VALUES(1576,1436529022456,1,29.3);
INSERT INTO "sensor_data" VALUES(1577,1436529142516,1,29.3);
INSERT INTO "sensor_data" VALUES(1578,1436529262546,1,29.4);
INSERT INTO "sensor_data" VALUES(1579,1436529382616,1,29.3);
INSERT INTO "sensor_data" VALUES(1580,1436529502716,1,29.4);
INSERT INTO "sensor_data" VALUES(1581,1436529623616,1,29.3);
INSERT INTO "sensor_data" VALUES(1582,1436529742886,1,29.3);
INSERT INTO "sensor_data" VALUES(1583,1436529862986,1,29.3);
INSERT INTO "sensor_data" VALUES(1584,1436529983866,1,29.3);
INSERT INTO "sensor_data" VALUES(1585,1436530103146,1,29.3);
INSERT INTO "sensor_data" VALUES(1586,1436530223226,1,29.3);
INSERT INTO "sensor_data" VALUES(1587,1436530343296,1,29.3);
INSERT INTO "sensor_data" VALUES(1588,1436530463336,1,29.3);
INSERT INTO "sensor_data" VALUES(1589,1436530583436,1,29.4);
INSERT INTO "sensor_data" VALUES(1590,1436530703516,1,29.4);
INSERT INTO "sensor_data" VALUES(1591,1436530823566,1,29.4);
INSERT INTO "sensor_data" VALUES(1592,1436530943616,1,29.4);
INSERT INTO "sensor_data" VALUES(1593,1436531063716,1,29.4);
INSERT INTO "sensor_data" VALUES(1594,1436531184616,1,29.4);
INSERT INTO "sensor_data" VALUES(1595,1436531303896,1,29.4);
INSERT INTO "sensor_data" VALUES(1596,1436531423996,1,29.4);
INSERT INTO "sensor_data" VALUES(1597,1436531544076,1,29.4);
INSERT INTO "sensor_data" VALUES(1598,1436531664146,1,29.4);
INSERT INTO "sensor_data" VALUES(1599,1436531784246,1,29.3);
INSERT INTO "sensor_data" VALUES(1600,1436531904326,1,29.4);
INSERT INTO "sensor_data" VALUES(1601,1436532024396,1,29.4);
INSERT INTO "sensor_data" VALUES(1602,1436532069973,1,29.4);
INSERT INTO "sensor_data" VALUES(1603,1436532179762,1,29.4);
INSERT INTO "sensor_data" VALUES(1604,1436532249032,1,29.4);
INSERT INTO "sensor_data" VALUES(1605,1436532369030,1,29.4);
INSERT INTO "sensor_data" VALUES(1606,1436532489096,1,29.4);
INSERT INTO "sensor_data" VALUES(1607,1436532609186,1,29.3);
INSERT INTO "sensor_data" VALUES(1608,1436532729246,1,29.3);
INSERT INTO "sensor_data" VALUES(1609,1436532849316,1,29.3);
INSERT INTO "sensor_data" VALUES(1610,1436532969396,1,29.3);
INSERT INTO "sensor_data" VALUES(1611,1436533089496,1,29.3);
INSERT INTO "sensor_data" VALUES(1612,1436533209556,1,29.4);
INSERT INTO "sensor_data" VALUES(1613,1436533329616,1,29.4);
INSERT INTO "sensor_data" VALUES(1614,1436533449716,1,29.4);
INSERT INTO "sensor_data" VALUES(1615,1436533569766,1,29.4);
INSERT INTO "sensor_data" VALUES(1616,1436533689786,1,29.4);
INSERT INTO "sensor_data" VALUES(1617,1436533809796,1,29.4);
INSERT INTO "sensor_data" VALUES(1618,1436533929896,1,29.4);
INSERT INTO "sensor_data" VALUES(1619,1436534040042,1,29.4);
INSERT INTO "sensor_data" VALUES(1620,1436534160030,1,29.4);
INSERT INTO "sensor_data" VALUES(1621,1436534280096,1,29.5);
INSERT INTO "sensor_data" VALUES(1622,1436534400136,1,29.4);
INSERT INTO "sensor_data" VALUES(1623,1436534520176,1,29.4);
INSERT INTO "sensor_data" VALUES(1624,1436534640246,1,29.6);
INSERT INTO "sensor_data" VALUES(1625,1436534760296,1,29.5);
INSERT INTO "sensor_data" VALUES(1626,1436534880366,1,29.5);
INSERT INTO "sensor_data" VALUES(1627,1436535000426,1,29.5);
INSERT INTO "sensor_data" VALUES(1628,1436535120476,1,29.4);
INSERT INTO "sensor_data" VALUES(1629,1436535240536,1,29.5);
INSERT INTO "sensor_data" VALUES(1630,1436535360616,1,29.6);
INSERT INTO "sensor_data" VALUES(1631,1436535907672,1,29.8);
INSERT INTO "sensor_data" VALUES(1632,1436536027649,1,29.7);
INSERT INTO "sensor_data" VALUES(1633,1436536060932,1,29.6);
INSERT INTO "sensor_data" VALUES(1634,1436536180857,1,29.6);
INSERT INTO "sensor_data" VALUES(1635,1436536300916,1,29.8);
INSERT INTO "sensor_data" VALUES(1636,1436537818430,1,28.3);
INSERT INTO "sensor_data" VALUES(1637,1436537938358,1,28.4);
INSERT INTO "sensor_data" VALUES(1638,1436538058384,1,28.4);
INSERT INTO "sensor_data" VALUES(1639,1436538178474,1,28.4);
INSERT INTO "sensor_data" VALUES(1640,1436538298574,1,28.4);
INSERT INTO "sensor_data" VALUES(1641,1436538343980,1,28.4);
INSERT INTO "sensor_data" VALUES(1642,1436538378411,1,28.4);
INSERT INTO "sensor_data" VALUES(1643,1436538447560,1,28.4);
INSERT INTO "sensor_data" VALUES(1644,1436538566776,1,28.4);
INSERT INTO "sensor_data" VALUES(1645,1436538686874,1,28.4);
INSERT INTO "sensor_data" VALUES(1646,1436538888080,1,28.4);
INSERT INTO "sensor_data" VALUES(1647,1436550607416,1,28.5);
INSERT INTO "sensor_data" VALUES(1648,1436550691826,1,28.5);
INSERT INTO "sensor_data" VALUES(1649,1436550723446,1,28.5);
INSERT INTO "sensor_data" VALUES(1650,1436550843483,1,28.4);
INSERT INTO "sensor_data" VALUES(1651,1436550963500,1,28.5);
INSERT INTO "sensor_data" VALUES(1652,1436551102020,1,28.4);
INSERT INTO "sensor_data" VALUES(1653,1436551139296,1,28.6);
INSERT INTO "sensor_data" VALUES(1654,1436551169556,1,28.5);
INSERT INTO "sensor_data" VALUES(1655,1436551289492,1,28.5);
INSERT INTO "sensor_data" VALUES(1656,1436551409580,1,28.5);
INSERT INTO "sensor_data" VALUES(1657,1436551460246,1,28.5);
INSERT INTO "sensor_data" VALUES(1658,1436559976658,1,27.8);
INSERT INTO "sensor_data" VALUES(1659,1436560078904,1,27.9);
INSERT INTO "sensor_data" VALUES(1660,1436560198921,1,28.0);
INSERT INTO "sensor_data" VALUES(1661,1436560318988,1,28.1);
INSERT INTO "sensor_data" VALUES(1662,1436560439088,1,28.1);
INSERT INTO "sensor_data" VALUES(1663,1436560559188,1,28.1);
INSERT INTO "sensor_data" VALUES(1664,1436560749293,1,28.2);
INSERT INTO "sensor_data" VALUES(1665,1436560940801,1,28.2);
INSERT INTO "sensor_data" VALUES(1666,1436561060705,1,28.3);
INSERT INTO "sensor_data" VALUES(1667,1436561606476,1,28.2);
INSERT INTO "sensor_data" VALUES(1668,1436561692823,1,28.3);
INSERT INTO "sensor_data" VALUES(1669,1436561857781,1,28.3);
INSERT INTO "sensor_data" VALUES(1670,1436561977695,1,28.4);
INSERT INTO "sensor_data" VALUES(1671,1436562097695,1,28.3);
INSERT INTO "sensor_data" VALUES(1672,1436562217695,1,28.3);
INSERT INTO "sensor_data" VALUES(1673,1436562268505,1,28.3);
INSERT INTO "sensor_data" VALUES(1674,1436562388415,1,28.3);
INSERT INTO "sensor_data" VALUES(1675,1436562508415,1,28.4);
INSERT INTO "sensor_data" VALUES(1676,1436562523402,1,28.4);
INSERT INTO "sensor_data" VALUES(1677,1436562643315,1,28.6);
INSERT INTO "sensor_data" VALUES(1678,1436562771332,1,28.5);
INSERT INTO "sensor_data" VALUES(1679,1436562891245,1,28.5);
INSERT INTO "sensor_data" VALUES(1680,1436563019771,1,28.5);
INSERT INTO "sensor_data" VALUES(1681,1436563139685,1,28.6);
INSERT INTO "sensor_data" VALUES(1682,1436563259685,1,28.6);
INSERT INTO "sensor_data" VALUES(1683,1436563321891,1,28.5);
INSERT INTO "sensor_data" VALUES(1684,1436563377611,1,28.6);
INSERT INTO "sensor_data" VALUES(1685,1436563497527,1,28.5);
INSERT INTO "sensor_data" VALUES(1686,1436563617525,1,28.5);
INSERT INTO "sensor_data" VALUES(1687,1436563660292,1,28.5);
INSERT INTO "sensor_data" VALUES(1688,1436563714702,1,28.5);
INSERT INTO "sensor_data" VALUES(1689,1436563834605,1,28.5);
INSERT INTO "sensor_data" VALUES(1690,1436563895201,1,28.4);
INSERT INTO "sensor_data" VALUES(1691,1436563997572,1,28.5);
INSERT INTO "sensor_data" VALUES(1692,1436564117485,1,28.5);
INSERT INTO "sensor_data" VALUES(1693,1436564237485,1,28.5);
INSERT INTO "sensor_data" VALUES(1694,1436564357495,1,28.6);
INSERT INTO "sensor_data" VALUES(1695,1436564477495,1,28.5);
INSERT INTO "sensor_data" VALUES(1696,1436564597505,1,28.5);
INSERT INTO "sensor_data" VALUES(1697,1436564717506,1,28.5);
INSERT INTO "sensor_data" VALUES(1698,1436564837505,1,28.5);
INSERT INTO "sensor_data" VALUES(1699,1436564957515,1,28.5);
INSERT INTO "sensor_data" VALUES(1700,1436565077515,1,28.6);
INSERT INTO "sensor_data" VALUES(1701,1436565197515,1,28.6);
INSERT INTO "sensor_data" VALUES(1702,1436565317515,1,28.6);
INSERT INTO "sensor_data" VALUES(1703,1436565437525,1,28.6);
INSERT INTO "sensor_data" VALUES(1704,1436565557525,1,28.6);
INSERT INTO "sensor_data" VALUES(1705,1436565677525,1,28.6);
INSERT INTO "sensor_data" VALUES(1706,1436565797525,1,28.6);
INSERT INTO "sensor_data" VALUES(1707,1436565917525,1,28.7);
INSERT INTO "sensor_data" VALUES(1708,1436566037535,1,28.8);
INSERT INTO "sensor_data" VALUES(1709,1436566157535,1,28.9);
INSERT INTO "sensor_data" VALUES(1710,1436566277535,1,28.9);
INSERT INTO "sensor_data" VALUES(1711,1436566397536,1,28.9);
INSERT INTO "sensor_data" VALUES(1712,1436566517535,1,29.1);
INSERT INTO "sensor_data" VALUES(1713,1436566637546,1,29.1);
INSERT INTO "sensor_data" VALUES(1714,1436566757545,1,28.9);
INSERT INTO "sensor_data" VALUES(1715,1436566877546,1,29.0);
INSERT INTO "sensor_data" VALUES(1716,1436566963651,1,28.9);
INSERT INTO "sensor_data" VALUES(1717,1436566984601,1,28.9);
INSERT INTO "sensor_data" VALUES(1718,1436567080521,1,28.9);
INSERT INTO "sensor_data" VALUES(1719,1436567316091,1,29.0);
INSERT INTO "sensor_data" VALUES(1720,1436567393961,1,29.0);
INSERT INTO "sensor_data" VALUES(1721,1436567620454,1,29.0);
INSERT INTO "sensor_data" VALUES(1722,1436567693021,1,29.0);
INSERT INTO "sensor_data" VALUES(1723,1436567778651,1,28.9);
INSERT INTO "sensor_data" VALUES(1724,1436567898565,1,29.0);
INSERT INTO "sensor_data" VALUES(1725,1436568018566,1,29.0);
INSERT INTO "sensor_data" VALUES(1726,1436568138575,1,28.9);
INSERT INTO "sensor_data" VALUES(1727,1436568258575,1,28.9);
INSERT INTO "sensor_data" VALUES(1728,1436568431972,1,28.9);
INSERT INTO "sensor_data" VALUES(1729,1436568551875,1,28.9);
INSERT INTO "sensor_data" VALUES(1730,1436568671885,1,28.9);
INSERT INTO "sensor_data" VALUES(1731,1436568791885,1,28.9);
INSERT INTO "sensor_data" VALUES(1732,1436568911895,1,28.9);
INSERT INTO "sensor_data" VALUES(1733,1436568984032,1,28.8);
INSERT INTO "sensor_data" VALUES(1734,1436569103935,1,28.8);
INSERT INTO "sensor_data" VALUES(1735,1436569224765,1,28.8);
INSERT INTO "sensor_data" VALUES(1736,1436569340331,1,28.8);
INSERT INTO "sensor_data" VALUES(1737,1436569460235,1,28.8);
INSERT INTO "sensor_data" VALUES(1738,1436569522971,1,28.8);
INSERT INTO "sensor_data" VALUES(1739,1436569642875,1,28.8);
INSERT INTO "sensor_data" VALUES(1740,1436569663751,1,28.8);
INSERT INTO "sensor_data" VALUES(1741,1436569783666,1,28.8);
INSERT INTO "sensor_data" VALUES(1742,1436569851681,1,28.8);
INSERT INTO "sensor_data" VALUES(1743,1436569971585,1,28.8);
INSERT INTO "sensor_data" VALUES(1744,1436570071022,1,28.8);
INSERT INTO "sensor_data" VALUES(1745,1436570190935,1,28.8);
INSERT INTO "sensor_data" VALUES(1746,1436570254681,1,28.8);
INSERT INTO "sensor_data" VALUES(1747,1436570374595,1,28.8);
INSERT INTO "sensor_data" VALUES(1748,1436570452102,1,28.8);
INSERT INTO "sensor_data" VALUES(1749,1436570572005,1,28.8);
INSERT INTO "sensor_data" VALUES(1750,1436570692015,1,28.8);
INSERT INTO "sensor_data" VALUES(1751,1436570812015,1,28.8);
INSERT INTO "sensor_data" VALUES(1752,1436570932026,1,28.8);
INSERT INTO "sensor_data" VALUES(1753,1436571052027,1,28.8);
INSERT INTO "sensor_data" VALUES(1754,1436571172025,1,28.8);
INSERT INTO "sensor_data" VALUES(1755,1436571292026,1,28.8);
INSERT INTO "sensor_data" VALUES(1756,1436571412026,1,28.8);
INSERT INTO "sensor_data" VALUES(1757,1436571532031,1,28.8);
INSERT INTO "sensor_data" VALUES(1758,1436571586741,1,28.8);
INSERT INTO "sensor_data" VALUES(1759,1436571653241,1,28.8);
INSERT INTO "sensor_data" VALUES(1760,1436571739616,1,28.8);
INSERT INTO "sensor_data" VALUES(1761,1436572606217,1,27.5);
INSERT INTO "sensor_data" VALUES(1762,1436572726121,1,27.4);
INSERT INTO "sensor_data" VALUES(1763,1436572846121,1,27.5);
INSERT INTO "sensor_data" VALUES(1764,1436572966121,1,27.6);
INSERT INTO "sensor_data" VALUES(1765,1436573086121,1,27.6);
INSERT INTO "sensor_data" VALUES(1766,1436573151508,1,27.6);
INSERT INTO "sensor_data" VALUES(1767,1436573270902,1,27.6);
INSERT INTO "sensor_data" VALUES(1768,1436573390901,1,27.6);
INSERT INTO "sensor_data" VALUES(1769,1436573510912,1,27.8);
INSERT INTO "sensor_data" VALUES(1770,1436574821033,1,26.6);
INSERT INTO "sensor_data" VALUES(1771,1436575517237,1,26.7);
INSERT INTO "sensor_data" VALUES(1772,1436725595940,1,26.7);
INSERT INTO "sensor_data" VALUES(1773,1436725679250,1,26.7);
INSERT INTO "sensor_data" VALUES(1774,1436725799264,1,26.8);
INSERT INTO "sensor_data" VALUES(1775,1436725919329,1,26.8);
INSERT INTO "sensor_data" VALUES(1776,1436726039349,1,26.7);
INSERT INTO "sensor_data" VALUES(1777,1436726403399,1,26.7);
INSERT INTO "sensor_data" VALUES(1778,1436726523360,1,26.9);
INSERT INTO "sensor_data" VALUES(1779,1436726643459,1,26.8);
INSERT INTO "sensor_data" VALUES(1780,1436726663045,1,26.9);
INSERT INTO "sensor_data" VALUES(1781,1436726783060,1,26.9);
INSERT INTO "sensor_data" VALUES(1782,1436726918225,1,26.8);
INSERT INTO "sensor_data" VALUES(1783,1436727024959,1,26.8);
INSERT INTO "sensor_data" VALUES(1784,1436727093035,1,26.7);
INSERT INTO "sensor_data" VALUES(1785,1436728285045,1,26.8);
INSERT INTO "sensor_data" VALUES(1786,1436728551195,1,26.9);
INSERT INTO "sensor_data" VALUES(1787,1436729072209,1,27.4);
INSERT INTO "sensor_data" VALUES(1788,1436729272745,1,27.3);
INSERT INTO "sensor_data" VALUES(1789,1436729392763,1,27.3);
INSERT INTO "sensor_data" VALUES(1790,1436729444500,1,27.4);
INSERT INTO "sensor_data" VALUES(1791,1436729566505,1,27.5);
INSERT INTO "sensor_data" VALUES(1792,1436729583895,1,27.4);
INSERT INTO "sensor_data" VALUES(1793,1436729705675,1,27.6);
INSERT INTO "sensor_data" VALUES(1794,1436729754855,1,27.6);
INSERT INTO "sensor_data" VALUES(1795,1436729982725,1,27.6);
INSERT INTO "sensor_data" VALUES(1796,1436730217925,1,27.4);
INSERT INTO "sensor_data" VALUES(1797,1436730324925,1,27.4);
INSERT INTO "sensor_data" VALUES(1798,1436731182015,1,27.6);
INSERT INTO "sensor_data" VALUES(1799,1436731247635,1,27.5);
INSERT INTO "sensor_data" VALUES(1800,1436731347165,1,27.6);
INSERT INTO "sensor_data" VALUES(1801,1436731366883,1,27.5);
INSERT INTO "sensor_data" VALUES(1802,1436731448135,1,27.5);
INSERT INTO "sensor_data" VALUES(1803,1436731605935,1,27.5);
INSERT INTO "sensor_data" VALUES(1804,1436731784805,1,27.5);
INSERT INTO "sensor_data" VALUES(1805,1436732122571,1,27.6);
INSERT INTO "sensor_data" VALUES(1806,1436732187365,1,27.6);
INSERT INTO "sensor_data" VALUES(1807,1436732413505,1,27.5);
INSERT INTO "sensor_data" VALUES(1808,1436732555645,1,27.6);
INSERT INTO "sensor_data" VALUES(1809,1436732677939,1,27.6);
INSERT INTO "sensor_data" VALUES(1810,1436732808305,1,27.6);
INSERT INTO "sensor_data" VALUES(1811,1436733048485,1,27.5);
INSERT INTO "sensor_data" VALUES(1812,1436733207075,1,27.7);
INSERT INTO "sensor_data" VALUES(1813,1436733257440,1,27.7);
INSERT INTO "sensor_data" VALUES(1814,1436733334765,1,27.6);
INSERT INTO "sensor_data" VALUES(1815,1436733514845,1,27.5);
INSERT INTO "sensor_data" VALUES(1816,1436733706745,1,27.4);
INSERT INTO "sensor_data" VALUES(1817,1436733754407,1,27.4);
INSERT INTO "sensor_data" VALUES(1818,1436733869625,1,27.4);
INSERT INTO "sensor_data" VALUES(1819,1436733989590,1,27.4);
INSERT INTO "sensor_data" VALUES(1820,1436734068155,1,27.4);
INSERT INTO "sensor_data" VALUES(1821,1436734188090,1,27.4);
INSERT INTO "sensor_data" VALUES(1822,1436734308179,1,27.4);
INSERT INTO "sensor_data" VALUES(1823,1436734428289,1,27.4);
INSERT INTO "sensor_data" VALUES(1824,1436734548379,1,27.4);
INSERT INTO "sensor_data" VALUES(1825,1436734668389,1,27.5);
INSERT INTO "sensor_data" VALUES(1826,1436734788459,1,27.4);
INSERT INTO "sensor_data" VALUES(1827,1436734908549,1,27.5);
INSERT INTO "sensor_data" VALUES(1828,1436734988155,1,27.6);
INSERT INTO "sensor_data" VALUES(1829,1436735228995,1,27.5);
INSERT INTO "sensor_data" VALUES(1830,1436735392875,1,27.5);
INSERT INTO "sensor_data" VALUES(1831,1436735541425,1,27.6);
INSERT INTO "sensor_data" VALUES(1832,1436735661350,1,27.6);
INSERT INTO "sensor_data" VALUES(1833,1436735937765,1,27.5);
INSERT INTO "sensor_data" VALUES(1834,1436736000555,1,27.4);
INSERT INTO "sensor_data" VALUES(1835,1436736056841,1,27.4);
INSERT INTO "sensor_data" VALUES(1836,1436736168075,1,27.4);
INSERT INTO "sensor_data" VALUES(1837,1436736288070,1,27.6);
INSERT INTO "sensor_data" VALUES(1838,1436736468023,1,27.4);
INSERT INTO "sensor_data" VALUES(1839,1436736587799,1,27.6);
INSERT INTO "sensor_data" VALUES(1840,1436736694273,1,27.5);
INSERT INTO "sensor_data" VALUES(1841,1436736814009,1,27.5);
INSERT INTO "sensor_data" VALUES(1842,1436736934019,1,27.6);
INSERT INTO "sensor_data" VALUES(1843,1436736987543,1,27.5);
INSERT INTO "sensor_data" VALUES(1844,1436737107362,1,27.5);
INSERT INTO "sensor_data" VALUES(1845,1436737227429,1,27.5);
INSERT INTO "sensor_data" VALUES(1846,1436737347499,1,27.4);
INSERT INTO "sensor_data" VALUES(1847,1436737467579,1,27.5);
INSERT INTO "sensor_data" VALUES(1848,1436737587679,1,27.5);
INSERT INTO "sensor_data" VALUES(1849,1436737668803,1,27.6);
INSERT INTO "sensor_data" VALUES(1850,1436737783282,1,27.6);
INSERT INTO "sensor_data" VALUES(1851,1436737815248,1,27.5);
INSERT INTO "sensor_data" VALUES(1852,1436737982713,1,27.5);
INSERT INTO "sensor_data" VALUES(1853,1436738102509,1,27.5);
INSERT INTO "sensor_data" VALUES(1854,1436738222519,1,27.5);
INSERT INTO "sensor_data" VALUES(1855,1436738342519,1,27.5);
INSERT INTO "sensor_data" VALUES(1856,1436738727939,1,27.6);
INSERT INTO "sensor_data" VALUES(1857,1436738847715,1,27.6);
INSERT INTO "sensor_data" VALUES(1858,1436742472642,1,27.6);
INSERT INTO "sensor_data" VALUES(1859,1436742639421,1,27.7);
INSERT INTO "sensor_data" VALUES(1860,1436742759219,1,27.7);
INSERT INTO "sensor_data" VALUES(1861,1436742879227,1,27.6);
INSERT INTO "sensor_data" VALUES(1862,1436742999237,1,27.7);
INSERT INTO "sensor_data" VALUES(1863,1436743119257,1,27.7);
INSERT INTO "sensor_data" VALUES(1864,1436743559291,1,27.7);
INSERT INTO "sensor_data" VALUES(1865,1436743679139,1,27.8);
INSERT INTO "sensor_data" VALUES(1866,1436743799207,1,27.8);
INSERT INTO "sensor_data" VALUES(1867,1436743920037,1,27.7);
INSERT INTO "sensor_data" VALUES(1868,1437117922797,1,28.8);
INSERT INTO "sensor_data" VALUES(1869,1437118042573,1,28.9);
INSERT INTO "sensor_data" VALUES(1870,1437118162573,1,28.9);
INSERT INTO "sensor_data" VALUES(1871,1437118282583,1,28.9);
INSERT INTO "sensor_data" VALUES(1872,1437118402583,1,29.1);
INSERT INTO "sensor_data" VALUES(1873,1437118522583,1,29.1);
INSERT INTO "sensor_data" VALUES(1874,1437118642583,1,29.0);
INSERT INTO "sensor_data" VALUES(1875,1437118762583,1,29.1);
INSERT INTO "sensor_data" VALUES(1876,1437118882613,1,29.1);
INSERT INTO "sensor_data" VALUES(1877,1437119002593,1,29.0);
INSERT INTO "sensor_data" VALUES(1878,1437119121207,1,29.1);
INSERT INTO "sensor_data" VALUES(1879,1437119240893,1,29.1);
INSERT INTO "sensor_data" VALUES(1880,1437119327317,1,29.1);
INSERT INTO "sensor_data" VALUES(1881,1437119447033,1,29.1);
INSERT INTO "sensor_data" VALUES(1882,1437119567043,1,29.1);
INSERT INTO "sensor_data" VALUES(1883,1437119617147,1,29.1);
INSERT INTO "sensor_data" VALUES(1884,1437119736905,1,29.1);
INSERT INTO "sensor_data" VALUES(1885,1437119857013,1,29.2);
INSERT INTO "sensor_data" VALUES(1886,1437119977093,1,29.2);
INSERT INTO "sensor_data" VALUES(1887,1437120097173,1,29.3);
INSERT INTO "sensor_data" VALUES(1888,1437120217223,1,29.2);
INSERT INTO "sensor_data" VALUES(1889,1437120337283,1,29.2);
INSERT INTO "sensor_data" VALUES(1890,1437120457383,1,29.2);
INSERT INTO "sensor_data" VALUES(1891,1437120575957,1,29.3);
INSERT INTO "sensor_data" VALUES(1892,1437120688956,1,29.3);
INSERT INTO "sensor_data" VALUES(1893,1437120808683,1,29.4);
INSERT INTO "sensor_data" VALUES(1894,1437120928683,1,29.3);
INSERT INTO "sensor_data" VALUES(1895,1437121048683,1,29.3);
INSERT INTO "sensor_data" VALUES(1896,1437121168683,1,29.3);
INSERT INTO "sensor_data" VALUES(1897,1437121288693,1,29.3);
INSERT INTO "sensor_data" VALUES(1898,1437121408712,1,29.4);
INSERT INTO "sensor_data" VALUES(1899,1437121528693,1,29.4);
INSERT INTO "sensor_data" VALUES(1900,1437121648703,1,29.4);
INSERT INTO "sensor_data" VALUES(1901,1437121768703,1,29.4);
INSERT INTO "sensor_data" VALUES(1902,1437121888703,1,29.4);
INSERT INTO "sensor_data" VALUES(1903,1437122008703,1,29.4);
INSERT INTO "sensor_data" VALUES(1904,1437122128713,1,29.5);
INSERT INTO "sensor_data" VALUES(1905,1437122249533,1,29.7);
INSERT INTO "sensor_data" VALUES(1906,1437122368712,1,29.6);
INSERT INTO "sensor_data" VALUES(1907,1437122465957,1,29.4);
INSERT INTO "sensor_data" VALUES(1908,1437122540037,1,29.4);
INSERT INTO "sensor_data" VALUES(1909,1437122634217,1,29.5);
INSERT INTO "sensor_data" VALUES(1910,1437122753953,1,29.5);
INSERT INTO "sensor_data" VALUES(1911,1437122833121,1,29.5);
INSERT INTO "sensor_data" VALUES(1912,1437122962067,1,29.5);
INSERT INTO "sensor_data" VALUES(1913,1437123081783,1,29.6);
INSERT INTO "sensor_data" VALUES(1914,1437123166957,1,29.5);
INSERT INTO "sensor_data" VALUES(1915,1437123286683,1,29.8);
INSERT INTO "sensor_data" VALUES(1916,1437123406703,1,29.8);
INSERT INTO "sensor_data" VALUES(1917,1437123443607,1,29.6);
INSERT INTO "sensor_data" VALUES(1918,1437123558272,1,29.8);
INSERT INTO "sensor_data" VALUES(1919,1437123677843,1,29.9);
INSERT INTO "sensor_data" VALUES(1920,1437123797843,1,29.8);
INSERT INTO "sensor_data" VALUES(1921,1437123917843,1,29.9);
INSERT INTO "sensor_data" VALUES(1922,1437124037853,1,29.9);
INSERT INTO "sensor_data" VALUES(1923,1437124167157,1,29.8);
INSERT INTO "sensor_data" VALUES(1924,1437124184957,1,29.7);
INSERT INTO "sensor_data" VALUES(1925,1437124304673,1,29.8);
INSERT INTO "sensor_data" VALUES(1926,1437124424673,1,29.8);
INSERT INTO "sensor_data" VALUES(1927,1437124474917,1,29.8);
INSERT INTO "sensor_data" VALUES(1928,1437142866659,1,29.3);
INSERT INTO "sensor_data" VALUES(1929,1437142986450,1,29.4);
INSERT INTO "sensor_data" VALUES(1930,1437143106435,1,29.4);
INSERT INTO "sensor_data" VALUES(1931,1437143209389,1,29.4);
INSERT INTO "sensor_data" VALUES(1932,1437143515834,1,29.4);
INSERT INTO "sensor_data" VALUES(1933,1437143623544,1,29.4);
INSERT INTO "sensor_data" VALUES(1934,1437143743270,1,29.5);
INSERT INTO "sensor_data" VALUES(1935,1437143863280,1,29.6);
INSERT INTO "sensor_data" VALUES(1936,1437143983281,1,29.5);
INSERT INTO "sensor_data" VALUES(1937,1437144103280,1,29.5);
INSERT INTO "sensor_data" VALUES(1938,1437144223280,1,29.6);
INSERT INTO "sensor_data" VALUES(1939,1437144246474,1,29.6);
INSERT INTO "sensor_data" VALUES(1940,1437144366200,1,29.8);
INSERT INTO "sensor_data" VALUES(1941,1437144668911,1,29.6);
INSERT INTO "sensor_data" VALUES(1942,1437144691494,1,29.5);
INSERT INTO "sensor_data" VALUES(1943,1437144754015,1,29.6);
INSERT INTO "sensor_data" VALUES(1944,1437144873730,1,29.6);
INSERT INTO "sensor_data" VALUES(1945,1437144993740,1,29.6);
INSERT INTO "sensor_data" VALUES(1946,1437145113750,1,29.6);
INSERT INTO "sensor_data" VALUES(1947,1437145233264,1,29.4);
INSERT INTO "sensor_data" VALUES(1948,1437145353264,1,29.4);
INSERT INTO "sensor_data" VALUES(1949,1437145853006,1,29.5);
INSERT INTO "sensor_data" VALUES(1950,1437145919367,1,29.6);
INSERT INTO "sensor_data" VALUES(1951,1437146011208,1,29.6);
INSERT INTO "sensor_data" VALUES(1952,1437146111108,1,29.6);
INSERT INTO "sensor_data" VALUES(1953,1437146182908,1,29.5);
INSERT INTO "sensor_data" VALUES(1954,1437146302382,1,29.7);
INSERT INTO "sensor_data" VALUES(1955,1437146339776,1,29.6);
INSERT INTO "sensor_data" VALUES(1956,1437146459502,1,29.5);
INSERT INTO "sensor_data" VALUES(1957,1437146591046,1,29.6);
INSERT INTO "sensor_data" VALUES(1958,1437146718659,1,29.6);
INSERT INTO "sensor_data" VALUES(1959,1437146773813,1,29.6);
INSERT INTO "sensor_data" VALUES(1960,1437146893532,1,29.6);
INSERT INTO "sensor_data" VALUES(1961,1437147019056,1,29.6);
INSERT INTO "sensor_data" VALUES(1962,1437147138321,1,29.5);
INSERT INTO "sensor_data" VALUES(1963,1437147182295,1,29.6);
INSERT INTO "sensor_data" VALUES(1964,1437147322049,1,29.4);
INSERT INTO "sensor_data" VALUES(1965,1437147729673,1,29.5);
INSERT INTO "sensor_data" VALUES(1966,1437147731559,2,30.7);
INSERT INTO "sensor_data" VALUES(1967,1437147741702,2,30.8);
INSERT INTO "sensor_data" VALUES(1968,1437147751877,2,30.8);
INSERT INTO "sensor_data" VALUES(1969,1437147762067,2,30.8);
INSERT INTO "sensor_data" VALUES(1970,1437147772256,2,30.8);
INSERT INTO "sensor_data" VALUES(1971,1437147782446,2,30.8);
INSERT INTO "sensor_data" VALUES(1972,1437147792635,2,30.6);
INSERT INTO "sensor_data" VALUES(1973,1437147802825,2,30.6);
INSERT INTO "sensor_data" VALUES(1974,1437147813014,2,30.6);
INSERT INTO "sensor_data" VALUES(1975,1437147823204,2,30.6);
INSERT INTO "sensor_data" VALUES(1976,1437147833394,2,30.5);
INSERT INTO "sensor_data" VALUES(1977,1437147990892,1,29.6);
INSERT INTO "sensor_data" VALUES(1978,1437147996487,2,30.6);
INSERT INTO "sensor_data" VALUES(1979,1437148006630,2,30.6);
INSERT INTO "sensor_data" VALUES(1980,1437148016806,2,30.5);
INSERT INTO "sensor_data" VALUES(1981,1437148026996,2,30.4);
INSERT INTO "sensor_data" VALUES(1982,1437148037185,2,30.4);
INSERT INTO "sensor_data" VALUES(1983,1437148518345,1,29.6);
INSERT INTO "sensor_data" VALUES(1984,1437148526618,2,30.7);
INSERT INTO "sensor_data" VALUES(1985,1437148536757,2,30.8);
INSERT INTO "sensor_data" VALUES(1986,1437148546933,2,30.7);
INSERT INTO "sensor_data" VALUES(1987,1437148557123,2,30.7);
INSERT INTO "sensor_data" VALUES(1988,1437148567312,2,30.6);
INSERT INTO "sensor_data" VALUES(1989,1437148577501,2,30.6);
INSERT INTO "sensor_data" VALUES(1990,1437148587691,2,30.4);
INSERT INTO "sensor_data" VALUES(1991,1437148597881,2,30.4);
INSERT INTO "sensor_data" VALUES(1992,1437148608070,2,30.5);
INSERT INTO "sensor_data" VALUES(1993,1437148618259,2,30.6);
INSERT INTO "sensor_data" VALUES(1994,1437148628449,2,30.6);
INSERT INTO "sensor_data" VALUES(1995,1437148638081,1,29.6);
INSERT INTO "sensor_data" VALUES(1996,1437148638639,2,30.6);
INSERT INTO "sensor_data" VALUES(1997,1437148648828,2,30.6);
INSERT INTO "sensor_data" VALUES(1998,1437148659018,2,30.5);
INSERT INTO "sensor_data" VALUES(1999,1437148669208,2,30.6);
INSERT INTO "sensor_data" VALUES(2000,1437148679397,2,30.6);
INSERT INTO "sensor_data" VALUES(2001,1437148689587,2,30.6);
INSERT INTO "sensor_data" VALUES(2002,1437148699776,2,30.6);
INSERT INTO "sensor_data" VALUES(2003,1437148709966,2,30.6);
INSERT INTO "sensor_data" VALUES(2004,1437148720156,2,30.6);
INSERT INTO "sensor_data" VALUES(2005,1437148730345,2,30.6);
INSERT INTO "sensor_data" VALUES(2006,1437148740535,2,30.5);
INSERT INTO "sensor_data" VALUES(2007,1437149273655,1,29.4);
INSERT INTO "sensor_data" VALUES(2008,1437149280879,2,30.5);
INSERT INTO "sensor_data" VALUES(2009,1437149291045,2,30.4);
INSERT INTO "sensor_data" VALUES(2010,1437149301223,2,30.4);
INSERT INTO "sensor_data" VALUES(2011,1437149311414,2,30.3);
INSERT INTO "sensor_data" VALUES(2012,1437149321604,2,30.3);
INSERT INTO "sensor_data" VALUES(2013,1437149331795,2,30.4);
INSERT INTO "sensor_data" VALUES(2014,1437149341991,2,30.4);
INSERT INTO "sensor_data" VALUES(2015,1437149352175,2,30.4);
INSERT INTO "sensor_data" VALUES(2016,1437149362365,2,30.4);
INSERT INTO "sensor_data" VALUES(2017,1437149372555,2,30.4);
INSERT INTO "sensor_data" VALUES(2018,1437149382745,2,30.4);
INSERT INTO "sensor_data" VALUES(2019,1437149392935,2,30.3);
INSERT INTO "sensor_data" VALUES(2020,1437149393391,1,29.3);
INSERT INTO "sensor_data" VALUES(2021,1437149403126,2,30.2);
INSERT INTO "sensor_data" VALUES(2022,1437149413316,2,30.3);
INSERT INTO "sensor_data" VALUES(2023,1437149423507,2,30.2);
INSERT INTO "sensor_data" VALUES(2024,1437149433698,2,30.3);
INSERT INTO "sensor_data" VALUES(2025,1437149443891,2,30.3);
INSERT INTO "sensor_data" VALUES(2026,1437149454079,2,30.2);
INSERT INTO "sensor_data" VALUES(2027,1437149464270,2,30.3);
INSERT INTO "sensor_data" VALUES(2028,1437149474461,2,30.3);
INSERT INTO "sensor_data" VALUES(2029,1437149497095,1,29.3);
INSERT INTO "sensor_data" VALUES(2030,1437149505070,2,30.2);
INSERT INTO "sensor_data" VALUES(2031,1437149515233,2,30.3);
INSERT INTO "sensor_data" VALUES(2032,1437149525415,2,30.2);
INSERT INTO "sensor_data" VALUES(2033,1437149526781,1,29.3);
INSERT INTO "sensor_data" VALUES(2034,1437149535607,2,30.1);
INSERT INTO "sensor_data" VALUES(2035,1437149545796,2,30.1);
INSERT INTO "sensor_data" VALUES(2036,1437149555987,2,30.3);
INSERT INTO "sensor_data" VALUES(2037,1437149556791,1,29.3);
INSERT INTO "sensor_data" VALUES(2038,1437149581675,1,29.3);
INSERT INTO "sensor_data" VALUES(2039,1437149586595,2,30.2);
INSERT INTO "sensor_data" VALUES(2040,1437149596760,2,30.2);
INSERT INTO "sensor_data" VALUES(2041,1437149606941,2,30.1);
INSERT INTO "sensor_data" VALUES(2042,1437149611361,1,29.3);
INSERT INTO "sensor_data" VALUES(2043,1437149617132,2,30.1);
INSERT INTO "sensor_data" VALUES(2044,1437149627323,2,30.1);
INSERT INTO "sensor_data" VALUES(2045,1437149637515,2,30.1);
INSERT INTO "sensor_data" VALUES(2046,1437149641361,1,29.3);
INSERT INTO "sensor_data" VALUES(2047,1437149647705,2,30.2);
INSERT INTO "sensor_data" VALUES(2048,1437149657896,2,30.3);
INSERT INTO "sensor_data" VALUES(2049,1437149675615,1,29.2);
INSERT INTO "sensor_data" VALUES(2050,1437149678313,2,30.2);
INSERT INTO "sensor_data" VALUES(2051,1437149688479,2,30.2);
INSERT INTO "sensor_data" VALUES(2052,1437149698661,2,30.3);
INSERT INTO "sensor_data" VALUES(2053,1437149705311,1,29.3);
INSERT INTO "sensor_data" VALUES(2054,1437149723475,1,29.3);
INSERT INTO "sensor_data" VALUES(2055,1437149729270,2,30.3);
INSERT INTO "sensor_data" VALUES(2056,1437149751725,1,29.3);
INSERT INTO "sensor_data" VALUES(2057,1437149759864,2,30.4);
INSERT INTO "sensor_data" VALUES(2058,1437149770020,2,30.4);
INSERT INTO "sensor_data" VALUES(2059,1437149790625,2,30.4);
INSERT INTO "sensor_data" VALUES(2060,1437149791351,1,29.3);
INSERT INTO "sensor_data" VALUES(2061,1437149800601,2,30.4);
INSERT INTO "sensor_data" VALUES(2062,1437149810772,2,30.4);
INSERT INTO "sensor_data" VALUES(2063,1437149820963,2,30.4);
INSERT INTO "sensor_data" VALUES(2064,1437149821051,1,29.3);
INSERT INTO "sensor_data" VALUES(2065,1437149831154,2,30.4);
INSERT INTO "sensor_data" VALUES(2066,1437149841346,2,30.4);
INSERT INTO "sensor_data" VALUES(2067,1437149851061,1,29.2);
INSERT INTO "sensor_data" VALUES(2068,1437149851537,2,30.3);
INSERT INTO "sensor_data" VALUES(2069,1437149861728,2,30.3);
INSERT INTO "sensor_data" VALUES(2070,1437149871922,2,30.3);
INSERT INTO "sensor_data" VALUES(2071,1437149881061,1,29.2);
INSERT INTO "sensor_data" VALUES(2072,1437149882111,2,30.3);
INSERT INTO "sensor_data" VALUES(2073,1437149892303,2,30.3);
INSERT INTO "sensor_data" VALUES(2074,1437149902494,2,30.4);
INSERT INTO "sensor_data" VALUES(2075,1437149911061,1,29.2);
INSERT INTO "sensor_data" VALUES(2076,1437149912686,2,30.4);
INSERT INTO "sensor_data" VALUES(2077,1437149922877,2,30.4);
INSERT INTO "sensor_data" VALUES(2078,1437149933069,2,30.4);
INSERT INTO "sensor_data" VALUES(2079,1437149941071,1,29.3);
INSERT INTO "sensor_data" VALUES(2080,1437149943260,2,30.4);
INSERT INTO "sensor_data" VALUES(2081,1437149953451,2,30.4);
INSERT INTO "sensor_data" VALUES(2082,1437149963643,2,30.4);
INSERT INTO "sensor_data" VALUES(2083,1437149971071,1,29.3);
INSERT INTO "sensor_data" VALUES(2084,1437149973836,2,30.4);
INSERT INTO "sensor_data" VALUES(2085,1437149984027,2,30.4);
INSERT INTO "sensor_data" VALUES(2086,1437149994218,2,30.3);
INSERT INTO "sensor_data" VALUES(2087,1437150001081,1,29.3);
INSERT INTO "sensor_data" VALUES(2088,1437150004410,2,30.4);
INSERT INTO "sensor_data" VALUES(2089,1437150014601,2,30.4);
CREATE TABLE time_window (id INTEGER PRIMARY KEY AUTOINCREMENT, name TEXT, on_time TIME, off_time TIME, "temp" NUMERIC, sensor_ids TEXT);
INSERT INTO "time_window" VALUES(1,'DAY','07:00','24:00',24,'1,2');
INSERT INTO "time_window" VALUES(2,'ALLDAY','00:00','24:00',24.5,'1');
INSERT INTO "time_window" VALUES(3,'NIGHT','00:00','07:00',22,'2');
INSERT INTO "time_window" VALUES(4,'MORNING','07:00','12:00',25,'1');
CREATE TABLE timetable (id INTEGER PRIMARY KEY AUTOINCREMENT, schedule_id INTEGER REFERENCES schedule (id) ON DELETE CASCADE ON UPDATE CASCADE, time_window_id INTEGER);
INSERT INTO "timetable" VALUES(1,1,2);
INSERT INTO "timetable" VALUES(2,2,1);
INSERT INTO "timetable" VALUES(3,3,3);
INSERT INTO "timetable" VALUES(4,4,4);
INSERT INTO "timetable" VALUES(5,10,2);
INSERT INTO "timetable" VALUES(6,10,1);
DELETE FROM sqlite_sequence;
INSERT INTO "sqlite_sequence" VALUES('profile',3);
INSERT INTO "sqlite_sequence" VALUES('schedule',10);
INSERT INTO "sqlite_sequence" VALUES('sensors',2);
INSERT INTO "sqlite_sequence" VALUES('sensor_data',2089);
INSERT INTO "sqlite_sequence" VALUES('time_window',4);
INSERT INTO "sqlite_sequence" VALUES('timetable',6);
COMMIT;
